FIPS,AE_latent_1,AE_latent_2,AE_latent_3
1001,0.10172996,1.5186656,-0.3984035
1003,0.10837263,2.272076,-1.1429834
1005,0.5294988,1.006515,-0.20882219
1007,0.20093992,0.9922569,0.37097448
1009,-0.44628537,1.1754823,0.81717294
1013,0.38322347,0.9857247,-0.33801526
1015,0.34766442,1.354171,-0.6502125
1017,0.37140352,0.9231944,-0.4846512
1021,0.027012497,1.398968,0.0447039
1023,0.78792393,1.0132467,0.48237783
1025,0.82518536,0.79260755,-0.23352927
1031,0.46989185,1.7320809,-1.1354535
1033,0.5207569,1.4726305,-1.0100498
1035,0.62840533,0.8698791,0.023181856
1039,0.25045046,1.0770642,-0.34072787
1043,0.31926173,1.6848185,-0.68790865
1045,0.29747954,1.0505791,-0.61546755
1047,0.9536696,1.2300305,0.14055485
1049,0.5006775,1.0879979,-0.5113659
1051,0.22298667,1.6337459,-0.5067218
1053,0.16574973,0.97642136,-0.32007462
1055,0.19444898,1.521466,-0.6741679
1059,0.65862703,0.62668586,-0.017139494
1061,1.2634943,1.3940325,-0.76985514
1069,0.47672313,1.5273187,-1.1089745
1071,0.32912958,1.4243629,-0.4698023
1073,-0.78232384,2.4859269,-1.599576
1075,0.8885631,0.71417665,-0.21753144
1077,0.48964667,1.2699292,-0.53787994
1081,0.086215675,2.3178346,-1.6848428
1083,0.2562766,2.0254557,-0.973507
1087,0.72970706,1.8869438,-1.2663558
1089,-0.17496634,1.9168117,-1.336203
1091,0.6243922,1.0560211,-0.341801
1093,0.23521653,0.8871949,-0.11663759
1095,0.545284,1.1415381,-0.51434505
1097,-0.38251635,1.7840226,-0.8632373
1099,0.7293894,0.95748925,-0.384557
1101,0.013890028,1.6446209,-1.1977403
1103,0.16576344,1.5053229,-0.71274817
1107,0.43262482,1.5164382,-0.05314976
1109,0.8236478,1.6076446,-1.4221272
1113,0.39555293,1.2437172,-0.43824077
1115,0.26500267,1.7397869,-0.34672213
1117,0.28944397,2.2599528,-0.9104371
1119,0.85452217,0.88188314,-0.569226
1121,-0.084664114,1.4853485,-0.35849828
1123,0.33735806,1.4253972,-0.64524364
1125,0.048756182,2.2658722,-1.5420527
1127,-0.011782587,1.1968354,0.19673151
1129,0.35180312,0.95808387,0.60595006
1131,0.9117022,1.0002515,-0.094114006
1133,0.3829323,0.782954,0.14935225
2013,7.16727,2.6512778,-3.5946112
2020,0.64780605,2.8205845,-2.4882703
2050,11.95159,5.8511934,0.79020745
2070,8.512079,4.329587,-1.7881215
2090,0.870099,2.7010262,-2.3623252
2100,7.047917,1.5326097,-4.172886
2105,13.207489,2.4496775,-2.169906
2110,1.4142745,2.6186805,-2.8739738
2122,1.8213449,3.2329938,-2.9473393
2130,1.7815931,2.3505948,-2.843108
2150,2.507969,2.763338,-3.8303356
2158,18.657055,6.685378,3.809195
2170,0.24781442,3.2083209,-1.0452558
2180,14.070185,4.719553,0.5736937
2185,7.6020427,3.7273905,-0.25099963
2188,11.489769,5.435465,2.2271166
2198,4.6402707,1.5485449,-3.358058
2220,2.1757808,2.5154593,-3.2542393
2240,2.3567088,2.3345273,-2.8910296
2290,13.464012,2.8555012,-1.0903618
4001,0.3560562,1.4650233,-0.1510418
4003,-0.011051953,1.1141005,-0.52448535
4005,0.29693556,1.8719976,-1.6451262
4007,0.36089087,1.1884437,-0.8060522
4009,0.46080595,1.0156584,-0.6010197
4012,1.5542314,0.99666834,-1.885915
4013,-8.317643,5.202285,-3.2666738
4015,-0.24181646,1.543261,-1.2211442
4017,0.0027072877,1.2529763,-0.5269481
4019,-2.1329415,2.2940702,-1.3618258
4021,-0.95732254,1.5722454,0.08170277
4023,0.08681944,0.28736675,0.22783715
4025,-0.120191276,1.991647,-1.2474458
4027,-0.09849685,0.8336215,-0.5351913
5001,0.7646396,0.45324254,-0.67485726
5005,0.6463165,1.1774144,-1.1281004
5007,0.3052445,1.3845048,-1.0420425
5009,0.5526658,1.0229704,-0.8979555
5015,0.98877937,1.0148598,-0.87871814
5021,0.8381322,0.42950392,-0.2128045
5023,0.5219253,1.0941525,-0.3056419
5027,0.39478558,0.9783498,-0.5929122
5031,0.4397611,0.94851387,-0.9290292
5033,0.1672402,0.96439195,-0.32463783
5035,0.4601792,0.87611294,-0.50062734
5037,0.58973,0.42107952,0.10267991
5041,1.6842546,0.805323,-0.52047956
5045,-0.1067727,1.3574178,-0.51471734
5047,0.37368715,0.65590525,-0.25713164
5051,0.21225649,1.2331653,-0.8858138
5055,0.23306668,0.70362806,-0.29431313
5057,0.5980693,0.9250605,-0.7422227
5059,0.024631023,0.77820206,0.42484874
5063,0.6093254,0.8079457,-0.8259145
5065,0.5926529,1.122917,-0.24511796
5069,0.69887346,0.53695047,-0.296673
5083,0.1644283,0.7421211,0.12209147
5085,-0.03487423,1.3323047,-0.054228365
5089,0.5747989,1.2463241,-0.49017972
5091,0.47445166,0.9965825,-0.8816283
5093,0.69997793,0.5816153,-0.5842015
5095,1.8263142,0.4874699,1.0558953
5101,0.99243754,0.9997951,0.360282
5103,0.8866883,0.6096345,-0.48124635
5107,1.348865,0.81049466,-0.16660279
5109,1.0428419,0.82164514,0.11792487
5111,0.49305063,0.36704922,0.04845792
5115,0.23414227,0.9152851,-0.73964286
5117,1.3167424,0.9898455,-0.4943427
5119,-0.55675596,1.7821853,-1.4224603
5121,0.79372346,0.5761564,-0.28422034
5123,0.6229167,0.45422053,-0.021021426
5125,0.14904219,1.5145328,-0.67360824
5131,0.24156833,0.92423034,-0.8909395
5133,0.521194,0.9539112,-0.3379172
5135,0.53302306,0.8672061,-0.027989864
5139,0.2586716,0.9232023,-0.742615
5141,0.18821034,1.1665578,0.3724237
5143,0.04926324,1.5751035,-1.2557863
5145,0.21391913,0.92150474,-0.52968305
5147,2.2272696,0.7115307,-0.298779
5149,0.4893378,0.51761293,-0.3320855
6001,-1.4781644,3.5827067,-1.9139397
6005,1.1062577,2.6058962,-0.9491402
6007,0.41930497,2.171298,-1.7884382
6009,1.0772417,3.001077,-1.2056707
6011,1.385577,1.7235141,-1.3022033
6013,-0.88677,3.2576137,-1.1677333
6015,0.75181633,1.66013,-1.4915397
6017,0.7843161,3.3966582,-2.013589
6019,-1.0459797,1.9182692,-1.2528077
6021,0.7627745,1.0960151,-0.7461333
6023,1.366888,2.6031342,-2.5571718
6025,0.0011241585,0.5404513,-0.2172473
6027,1.0423062,0.9831431,-1.4213105
6029,-1.1066664,1.8281419,-1.0899775
6031,0.6744582,0.999761,-0.692325
6033,1.3553598,2.1566293,-0.8331758
6035,1.2644248,2.0294218,-1.9503419
6037,-19.582186,10.684752,-6.8895764
6039,0.5413832,2.337189,-1.1839828
6041,1.479748,4.1104364,-2.9221075
6043,0.9774428,2.2191734,-0.63261974
6045,2.091743,2.0910668,-2.0911555
6047,0.17051992,1.4771049,-0.036277354
6049,2.541863,1.7838118,-1.887012
6051,2.1749027,2.0609596,-2.501761
6053,0.31964213,1.8302681,-1.1252024
6055,1.3360157,2.9504468,-2.1897783
6057,1.6382124,3.6668394,-2.971659
6059,-4.55971,4.2773285,-2.6654527
6061,0.2940964,2.898313,-1.6736989
6063,2.6758761,1.7250595,-2.1402464
6065,-3.708572,3.0689738,-0.89756876
6067,-1.9187188,2.7734668,-1.5329136
6069,0.55348516,3.0486252,-0.8392063
6071,-3.5170166,2.703275,-0.71822757
6073,-4.476025,4.0263453,-2.6119974
6075,4.831928,5.2868032,0.6145355
6077,-0.47329104,2.1221352,-0.3286907
6079,0.63649225,2.8674915,-2.2758014
6081,0.41979617,3.3554037,-2.2525256
6083,0.3813023,1.9202149,-1.6931839
6085,-1.4380407,3.5034707,-2.1704462
6087,1.0257998,3.5483553,-2.5425966
6089,0.79243964,1.8604882,-1.7326128
6093,1.3201053,1.5597572,-1.478148
6095,-0.19350149,2.014346,-0.5570693
6097,0.75103766,3.1284,-2.2830431
6099,-0.26416758,2.0725818,-0.67888266
6101,0.53222114,1.4067092,-0.5532842
6103,0.4776144,1.4515507,-0.9029942
6105,2.2771344,1.5012462,-1.1504703
6107,0.144754,1.3646739,-0.8596511
6109,1.0741987,2.328139,-1.1078088
6111,-0.3213886,2.426441,-1.4690304
6113,0.2710058,2.0801885,-1.3772241
6115,0.08109778,1.1640787,0.3479789
8001,-0.49796307,1.8640335,-0.4950069
8003,1.276298,2.1989865,-2.42513
8005,-0.36022484,2.24528,-1.0853668
8013,0.32925063,3.0281467,-2.3515267
8014,0.49907547,2.3855512,-1.3845353
8015,1.9584961,1.248467,-1.7253609
8021,1.697963,1.9604118,-1.6577175
8029,0.68802536,1.405462,-0.83821714
8031,-0.8997695,2.7738445,-1.7190661
8035,0.20825702,2.5420554,-1.3173352
8037,1.531888,2.6484873,-2.2629359
8041,-0.5982376,2.122418,-1.286566
8043,0.22196585,1.4259026,-0.64664596
8045,0.36507547,1.9948466,-0.51507294
8049,1.5521853,3.0084717,-2.292401
8051,1.2599251,1.2483191,-1.2810266
8055,1.7976942,1.0534644,-1.2283046
8059,-0.22502315,2.5476296,-1.422975
8063,1.7260325,0.59018147,-1.2670584
8067,1.2107642,2.553538,-2.258529
8069,-0.27030134,2.4819944,-1.646515
8071,1.1315022,1.0582857,-1.1759818
8077,0.35189682,1.624815,-1.4683194
8083,1.166604,1.3951733,-1.352086
8085,0.93706185,1.8503194,-1.552959
8087,0.63092285,0.83274126,-0.4662261
8091,4.9046445,1.1582596,-1.787344
8093,0.8292516,3.0827048,-0.7419852
8095,2.7888803,0.48289847,-1.200819
8097,1.5338526,2.9192274,-2.663415
8101,-0.09642947,1.3105454,-0.8066852
8107,1.9217257,2.883042,-2.7411482
8109,3.1285276,0.79129994,-1.7882385
8113,3.5082111,1.2403816,-2.0789304
8117,1.833257,3.0593016,-2.7851613
8119,0.6156732,1.8169925,-0.38580403
8123,-0.17973006,2.0285761,-0.77695835
8125,1.3130965,0.71500444,-1.3451254
10001,0.092125714,1.197014,-0.33244175
10003,-0.2562561,2.156197,-1.2533488
10005,0.25001693,1.9397788,-0.8914771
11001,4.794302,5.3135805,1.6202297
12001,-0.47051948,2.5078204,-1.870414
12003,0.13753897,1.0418847,0.18763155
12005,0.42493522,1.7241299,-1.094621
12007,-0.07998636,1.2051274,0.3449989
12009,-0.5498258,2.3227665,-1.3100517
12011,-3.5482073,3.9947078,-2.2982862
12015,0.049419403,2.034618,-0.9353247
12017,-0.061305135,1.8533132,-0.70496595
12019,-0.119626686,1.7983801,-0.28257924
12021,-0.010163605,2.796664,-1.7056189
12023,0.21753144,1.2054204,-0.40685487
12027,0.21211672,1.1808385,0.09980482
12029,0.69974494,1.2060404,-0.84823674
12031,-1.5264542,2.4889963,-1.5515406
12033,-0.14735386,1.6476038,-0.99160147
12035,0.39237338,2.1868284,-1.0619044
12037,2.1403475,1.0860996,-1.5219376
12039,0.13859957,1.0258025,0.508226
12041,0.21919405,1.2841504,0.10596037
12049,0.50926435,0.6815592,0.072175324
12051,0.35673535,0.78104115,0.4616974
12053,-0.19846272,1.6572492,-0.17002958
12055,0.21655971,1.5523217,-0.89716095
12057,-2.3528175,3.1403978,-1.6614729
12059,-0.11551416,0.8548565,0.8807704
12061,0.576289,2.124831,-1.4619055
12063,0.33067203,1.213429,-0.26284033
12069,-0.37614322,2.0168254,-0.5890602
12071,-1.4254532,2.8094957,-1.3332602
12073,-0.35988134,2.2856376,-1.7319798
12075,0.5719581,1.2382642,-0.038403094
12079,0.48855287,1.156976,-0.031664014
12081,-0.21226358,2.4100177,-1.2279873
12083,-0.49507982,1.9129803,-0.8673284
12085,0.66655177,2.608491,-1.4151297
12086,-4.380306,4.4407797,-2.4873812
12087,1.991133,2.7062125,-2.7446322
12089,0.32578003,2.3780396,-0.90138316
12091,0.21724391,1.9174769,-0.93140745
12093,0.7990003,1.1759372,-0.26002723
12095,-2.2701137,3.1285172,-1.724395
12097,-0.61480355,1.8874166,0.061956882
12099,-2.3338783,3.8488452,-2.3596594
12101,-0.91708547,2.3618014,-0.7639737
12103,-1.4799654,3.0778117,-1.951694
12105,-1.3649719,2.25858,-0.7102709
12107,0.08266118,1.2825272,-0.059978366
12109,0.29539895,2.7848065,-1.5842807
12111,-0.25500366,1.9101923,-0.62371296
12113,0.0602504,2.1258736,-0.6595304
12115,-0.03392893,2.852514,-1.9321563
12117,-0.13713121,2.3696387,-1.2549095
12119,0.24829364,2.1573474,-0.83688444
12121,0.16856846,1.0898834,0.043816388
12123,0.5674402,0.772177,-0.59928095
12127,-0.6895,2.2773778,-1.0596514
12131,0.6007038,2.6722395,-1.280036
12133,-0.32496595,0.91127324,1.0356107
13001,0.29142687,0.8821671,-0.029339433
13005,0.75290036,0.7262156,-0.09314972
13009,0.37938815,1.4924281,-0.7249551
13013,0.11744234,1.9669659,-0.20960337
13015,0.22692794,1.6336346,-0.40127748
13019,0.5447716,1.2927167,-0.6497805
13021,0.5165877,1.2476232,-0.84013784
13027,0.66388196,1.3265841,-0.7152432
13029,0.5776481,2.0872977,-0.5707208
13031,0.12383151,1.5670195,-0.7310576
13039,0.454647,1.5444255,-0.48103166
13043,1.1186423,1.3167329,-0.9719971
13045,0.24620634,1.5310016,-0.30563772
13047,0.4185049,1.3514521,-0.6744962
13051,0.14152825,1.9182544,-1.3560694
13055,0.1908217,0.699172,0.2596869
13057,0.07935822,2.0581112,-0.55042106
13059,0.23865038,1.9514027,-1.6213145
13061,4.1421695,0.1703713,-1.1787932
13063,-0.09900528,1.3019364,0.18639761
13067,-0.6755963,2.6767642,-1.1787828
13069,0.5864903,0.77978134,-0.885289
13071,0.9882085,1.1700283,-1.0720427
13073,0.36307597,1.7879481,-0.9768313
13077,0.33653945,1.821089,-0.5272522
13081,1.5833411,0.76537144,-0.28705263
13083,0.77805585,1.0285978,-0.27261537
13085,0.52218455,2.0300336,-0.59450376
13087,0.86231655,0.78683066,-0.7106692
13089,-0.7361296,2.6675403,-1.201101
13091,0.47238725,1.4230258,-0.5618828
13093,0.87983376,1.2663255,-0.8911164
13095,0.23155484,1.1524335,-0.95059437
13097,-0.05939187,1.621537,0.054719806
13099,1.6762958,1.1240158,-1.2388709
13103,-0.13596937,1.6469295,0.014110267
13105,0.5420952,0.8150804,-0.3456977
13111,0.59942275,1.2423227,-0.4992751
13113,0.4251442,2.1237423,-0.60745955
13115,0.19898087,1.2479773,-0.6841664
13117,0.33023834,2.2504566,-0.7742723
13119,0.438034,1.2676396,-0.386489
13121,-1.547472,3.687732,-2.1393888
13123,0.2500074,1.0848842,0.02210623
13127,1.0544178,1.751986,-1.6619434
13129,0.6074,1.2087579,-0.56269133
13131,0.22202641,0.6901133,0.06454438
13133,0.9161162,0.93065894,-0.08773261
13135,-1.3155308,2.2629464,-0.4936502
13137,0.12057233,0.9589355,0.028960645
13139,0.2647563,1.7265539,-0.72307265
13143,0.028537214,1.0150595,0.62839264
13145,0.53024375,2.2412739,-1.2047343
13151,-0.1522835,1.81955,-0.097136796
13153,0.22628978,1.4459264,-0.9167885
13157,0.20246977,2.0489364,-0.5049549
13163,0.8450567,0.56851697,0.17340726
13175,0.25153446,1.4603918,-0.71030116
13179,0.13648716,1.1095302,-0.47344276
13185,0.32861072,1.4794204,-1.3083084
13187,0.15670818,1.4019935,-0.26039106
13189,0.39532346,0.8544581,-0.46009028
13199,0.7158949,1.594748,-0.030265093
13205,0.96112543,0.79164314,-0.10327715
13207,0.18157315,0.91838026,-0.1700483
13213,-0.018259794,1.2152877,-0.07156032
13215,0.21129006,1.8001425,-1.4530308
13217,-0.059105515,1.5833895,0.37826484
13219,0.63943297,1.9303887,-1.1453966
13223,-0.46800536,1.765733,0.71528536
13225,0.9095827,2.2585704,-1.5209918
13227,0.17469943,1.7332625,-0.017080963
13233,0.100335985,0.8909235,0.37312633
13235,0.92206424,1.2175686,-0.63095593
13237,-0.031501204,0.9019569,0.45936054
13241,0.8288489,1.09829,-0.7527361
13245,-0.012557179,1.2148578,-0.8571652
13247,0.2849092,1.7152374,-0.043322265
13251,0.5423492,1.4264059,-0.18378478
13253,1.3024728,0.63889253,-0.46545014
13255,0.34171516,1.3440101,-0.5576844
13257,0.808852,0.7329544,-0.41000956
13261,0.7204946,1.4404812,-1.295785
13267,0.23065728,0.8983551,0.08985418
13271,1.110734,0.9570681,0.4349442
13273,1.5473952,1.336734,-1.0649004
13275,0.66116804,1.6179805,-1.3886731
13277,0.9718649,1.1613042,-1.0162816
13279,0.4691252,0.72591174,-0.52350986
13285,0.5382868,1.2744658,-0.8150233
13287,1.3097773,0.582484,-0.380958
13291,0.48729384,1.3246036,-0.9304546
13293,0.81888384,0.7387886,0.017151058
13295,-0.08488844,1.2335546,0.024903953
13297,-0.047330096,1.6995907,0.1436047
13299,0.7042777,1.1541876,-0.39133167
13301,1.9721589,0.49394035,-0.21558249
13305,-0.018122137,0.81968606,0.19569439
13311,0.1816743,1.2545028,0.06432992
13313,0.6465239,0.96489406,-0.773251
13317,0.63520235,0.80695415,0.47181195
13319,1.2301185,1.3026161,-0.6717284
15001,0.85170716,3.4791453,-2.252756
15003,-0.42576033,3.2689788,-2.003161
15007,1.790479,3.3899863,-2.8834693
15009,1.7620926,4.0360136,-3.3474822
16001,-0.017711818,2.8791382,-2.2312088
16005,0.63183874,1.6958497,-1.6944504
16009,1.4647915,1.8790765,-1.4754469
16011,0.42818838,1.0750179,-0.68470776
16013,1.978292,3.5627778,-3.4018643
16017,1.0020864,1.6795325,-1.1603309
16019,0.42702907,1.6368976,-1.2725188
16021,1.5837207,1.5578349,-1.8137941
16027,0.0011247993,1.6611218,-0.7745771
16029,1.8826709,1.4439924,-1.546057
16031,0.7904711,1.1207393,-1.2522202
16035,2.3287117,2.7277246,-2.5363073
16037,4.684357,2.9662206,-3.9956198
16039,0.4656577,1.3444481,-0.91509044
16047,0.9223133,0.7434174,-0.6414428
16049,2.0409179,2.7935665,-2.7433634
16055,0.37055248,2.162501,-1.5052841
16057,1.2171454,1.9727442,-1.9982624
16059,3.0030136,1.8902853,-2.8199828
16061,4.751839,2.2205129,-3.0830603
16063,1.5788336,0.65294313,0.45692676
16069,1.3650403,2.9016201,-2.9198267
16073,0.8625179,1.4009356,-0.53427386
16075,1.067081,2.1084898,-1.5838716
16079,1.7786558,1.7906544,-1.7353235
16081,1.5170121,4.2336664,-2.2826786
16083,0.9284337,1.5586805,-1.6697812
16085,1.7541282,1.9481304,-2.1232758
16087,1.5606678,1.9774532,-2.0888917
17001,0.80295306,1.0515109,-1.3382785
17007,0.23277247,1.1843891,-0.2879581
17011,0.4831527,1.1855223,-0.89389765
17013,1.3148501,0.72604537,1.8066463
17015,0.7412392,1.1090131,-0.5728237
17017,1.2621579,0.73389864,-0.8199213
17019,-0.122541845,1.6095569,-1.6949772
17021,0.9219362,1.0538399,-0.8587974
17027,0.61692375,1.230518,-0.5000403
17029,0.4207645,0.8223703,-0.9099644
17031,-9.47651,6.484247,-3.8739152
17033,1.2936585,0.7209232,-1.1082044
17037,0.15668306,1.7395573,-0.7325895
17041,0.9589533,0.658157,-0.7001853
17043,-0.4144078,2.7452714,-1.460002
17045,0.679432,0.6820841,-0.8889356
17049,0.68852425,1.0570865,-1.149425
17051,0.32553476,0.96535444,-0.24847215
17055,0.13571423,0.8497567,0.027282417
17057,0.62987167,1.1342732,-0.45192587
17061,1.1172819,0.6757457,0.11035836
17063,0.27278525,1.7101135,-0.65872616
17067,0.5817589,1.1330624,-0.59055406
17073,0.6731248,1.1704314,-0.84584767
17075,1.0861969,0.8080145,-0.44149357
17077,0.6191613,1.0831276,-0.9199533
17081,0.51751417,0.99118876,-0.9062469
17083,0.21666324,0.863183,0.03203547
17085,0.9445502,1.2927158,-1.0336504
17087,0.6367466,1.0243534,-0.08553511
17089,-0.08762488,1.9219599,-0.7574398
17091,0.44406015,1.3196828,-0.6509623
17093,0.010625541,1.5363052,-0.0038676262
17095,0.7831186,1.1159092,-1.0409942
17097,-0.17576742,2.425319,-1.1431923
17099,0.40644455,1.3965623,-0.5965977
17103,0.45904416,1.2546234,-0.60225546
17105,1.1291308,1.187921,-1.0660667
17107,0.37971848,1.0647875,-0.7758723
17109,0.9149819,1.0503451,-1.20469
17111,0.14867726,1.858742,-0.5235863
17113,0.42716938,1.5206244,-1.5154321
17115,0.44712877,1.0736756,-1.0000572
17117,0.3847614,1.2564536,-0.3019814
17119,0.107182354,1.3251576,-0.6153582
17123,1.1545122,2.242186,-1.1510721
17129,0.91092473,1.3941507,-0.7034949
17133,0.34784567,1.5580847,-0.44433188
17135,0.42229503,1.017047,-0.58689284
17137,0.37609953,0.9017463,-0.8691888
17139,0.8204511,0.69887686,-0.5435279
17141,0.32671803,1.4624431,-0.58444595
17143,0.58646256,1.3945282,-1.3736577
17145,0.35901397,0.8532202,-0.29009706
17149,0.9181792,0.86118627,-0.56420004
17157,0.67383033,0.7885809,-0.47114462
17159,0.6595035,0.66786504,-0.69942117
17161,0.54069704,1.2352291,-1.1598346
17163,0.13731566,1.4493196,-0.8110372
17165,0.85038596,0.6877899,-0.41994867
17167,0.53522545,1.5028827,-1.3712788
17173,0.6618766,0.78719676,-0.67809707
17177,0.6550198,1.3651412,-1.1379935
17179,0.36179978,1.239918,-0.96000314
17181,1.3342199,0.941169,-0.6726334
17183,0.46054536,0.9899194,-0.8725136
17187,1.0238469,1.0605333,-1.203504
17189,1.581614,1.035185,-0.5942856
17191,0.551338,0.98117256,-0.4652835
17193,1.1200993,1.1768246,-0.77761436
17195,0.60633504,1.1125385,-0.9726733
17197,-0.40362176,1.9619989,-0.41891953
17199,0.32532614,1.0770619,-0.5467648
17201,0.23235682,1.4470189,-0.9618819
17203,0.7599654,2.3251069,-1.4611216
18001,0.24457353,0.63196373,0.139669
18003,-0.32260188,1.3127227,-0.8470904
18005,0.2971679,0.9982779,-0.6870309
18009,0.93253917,0.510923,0.07696992
18011,0.5148838,1.4914482,-0.8939554
18013,0.09039694,1.070437,0.76141185
18015,0.750992,1.477215,-0.8019557
18017,0.35485488,0.29035425,-0.034300625
18019,0.004314542,1.2175246,-0.7033091
18021,0.015725732,0.9057219,0.2508356
18023,0.17566851,0.31068146,-0.023016334
18027,0.43660635,0.42983353,-0.17321914
18029,-0.088674575,1.1074548,0.18381757
18031,0.52139896,0.7094104,-0.2613064
18033,0.3318048,0.9416486,-0.6471268
18035,-0.064147085,0.8681226,-0.567037
18037,0.74462503,0.45904303,-0.5688523
18039,0.33722472,0.9678297,-0.89067364
18043,0.25046888,1.4074533,-0.80897236
18045,1.5086524,0.76382065,-0.51217026
18047,0.2341972,1.2113054,0.57705194
18049,0.98969334,0.60668445,-0.3360023
18051,0.5056835,0.43604875,-0.38307908
18053,0.04826832,0.75878155,-0.38942045
18055,-0.05394727,0.3409859,0.8149745
18057,0.12942186,2.0221326,-1.018752
18059,-0.036265805,1.3184018,-0.20872658
18063,-0.035113633,1.3358881,-0.4725187
18065,0.15630269,1.0797131,-0.27494156
18067,0.3066734,0.7945814,-0.6497003
18071,0.043159217,0.59622526,-0.17414087
18073,0.9928393,1.3839483,-0.4693966
18077,0.49429768,0.8486707,-0.5327364
18081,-0.17744832,1.2534304,-0.2833385
18085,0.5433342,0.9892106,-0.8779698
18087,3.2604847,3.4475834,0.41390926
18089,-0.67200184,1.7699819,-0.5778327
18091,0.16040674,1.2463604,-0.5061703
18093,0.06290975,0.5830271,0.29159266
18095,0.047879353,0.91679,-0.10911727
18097,-1.8017762,1.9275286,-1.0880039
18099,0.47403473,0.85721564,-0.54406077
18103,0.74531347,0.94451404,-0.374785
18105,-0.017425954,1.6935723,-1.4447246
18107,0.6143336,0.73003125,-0.43448114
18109,-0.09852579,1.0405073,0.40558666
18113,0.19782537,0.61138356,0.12218636
18119,0.255052,1.5633538,0.274136
18127,-0.07857228,1.673384,-0.47301176
18129,0.6166426,1.3134749,-0.8053359
18133,0.12775174,1.0223348,-0.027999222
18135,0.25685775,0.48129845,0.03261429
18137,0.47603142,0.4693432,0.24376291
18139,0.40697014,0.86718535,-0.11030334
18141,0.06552154,1.3388152,-1.0377069
18143,0.15596884,0.5949111,0.02852434
18145,0.16927606,0.929667,-0.3548571
18147,0.5728195,0.9139606,-0.233347
18149,0.083066165,0.99868846,0.21413082
18151,0.48238623,0.91027474,-0.6968714
18153,0.3271851,0.8866577,-0.21234971
18155,0.50659496,0.8282305,0.51328653
18157,-0.30219108,1.3104777,-1.2629652
18163,0.27452528,1.0239768,-0.9558319
18165,0.36245596,0.74398685,0.1003353
18167,0.13364273,0.80386996,-0.69089997
18169,0.45694727,0.5979121,-0.40163866
18173,0.20503217,0.9955754,-0.44896752
18175,-0.14612913,0.45882726,0.9050519
18177,0.12720034,0.8667104,-0.5366808
18181,0.3263309,0.83462834,-0.34542495
18183,0.31345326,0.8447678,-0.42939407
19005,1.4493644,1.0558357,-1.0095282
19007,1.1580594,0.65680015,-0.7734463
19011,0.494923,1.6145222,-0.84307706
19013,0.774584,1.3159995,-1.6696956
19015,0.43151015,1.2479093,-0.7827081
19017,0.7843823,1.3418167,-1.1954758
19019,0.7758344,0.9387276,-0.5746397
19021,1.228878,0.67483044,-1.3438401
19023,0.80326563,1.335562,-0.7546364
19025,1.2246375,0.9478377,-0.8372247
19027,1.2163534,1.0382683,-1.5456772
19029,1.7563725,0.9329395,-1.7144214
19033,1.2692404,1.3002856,-1.7898142
19035,1.0861688,0.55373025,-1.0415621
19037,1.1796396,1.2510244,-1.3289261
19041,0.7396342,0.6314949,-0.87465626
19043,1.4111259,1.3022816,-1.079258
19045,0.4880643,1.0656149,-0.758622
19047,1.3571255,1.0326651,-1.4425545
19049,0.77559173,1.8501508,-1.4971466
19051,1.6637056,0.9965457,0.3865822
19057,0.6547313,1.109097,-1.2081187
19059,0.9436309,0.58441734,-1.0134249
19061,0.72565603,1.4752944,-1.6574011
19063,1.159713,0.5271783,-0.6426655
19065,0.71677536,0.96074986,-0.6664939
19067,1.1680772,1.2954466,-1.420954
19069,1.3247004,1.2965333,-1.3111548
19075,1.2994435,1.198179,-0.93563163
19077,1.1249888,1.7529683,-0.9476198
19079,1.0453632,0.97180796,-0.889625
19081,1.3052299,1.2841587,-1.4316802
19083,1.3534739,0.8503289,-0.8882995
19085,0.98785454,1.1214554,-0.513955
19091,1.29438,0.91005313,-1.0881536
19095,1.3431747,1.4260161,-1.2491319
19099,0.5872844,1.2344749,-0.75023293
19103,0.4201498,1.8793023,-1.708976
19105,0.64392775,1.0316877,-0.47208542
19107,0.9601465,0.9529073,-0.3498904
19109,1.7432208,0.7937832,-1.4887452
19111,0.7004244,1.0604014,-0.94257027
19113,0.27042553,1.6256645,-1.4252441
19115,0.8186049,1.035593,-0.26283425
19119,1.7520721,0.7938099,-1.2314003
19121,0.64674395,1.8237379,-0.68987536
19123,0.81572324,0.9660697,-1.1301501
19125,0.72858846,1.1271026,-0.9393795
19127,1.0593278,0.910753,-1.0064533
19129,0.6799844,1.1913791,-0.5206032
19131,1.6001441,0.9014225,-1.2986656
19139,0.6055416,1.0956762,-1.074158
19141,2.0644972,0.71678066,-1.2689631
19145,0.833031,0.9006126,-1.1173782
19147,1.8160291,0.4317267,-1.1450889
19149,0.6881296,0.9629903,-0.96743435
19153,0.14721972,1.896496,-1.6473496
19155,0.34772986,1.2620697,-1.0673337
19157,1.1489213,1.0679891,-1.2758253
19161,1.0788522,0.5740658,-0.57157314
19163,0.31391013,1.4573352,-1.2005477
19165,1.1958663,1.068251,-1.28336
19167,1.282891,0.89249265,-1.6719952
19169,0.44033343,1.6626556,-1.6600039
19171,1.3378191,0.8907777,-0.79999655
19177,2.187118,0.55658937,-0.8570081
19179,0.6689318,0.77228105,-0.7634442
19181,0.316355,1.5499291,-0.81547976
19183,0.6096814,0.9764055,-0.5370842
19187,0.6099699,1.0429624,-0.9275092
19189,1.8537719,1.1491778,-1.9445832
19191,1.3123777,2.3134413,-2.3080118
19193,0.49942338,1.1037838,-1.1806102
19197,1.9101684,0.79096127,-1.1644707
20003,1.2821712,1.059507,-0.41267672
20005,0.72735476,1.1547346,-0.94487375
20007,2.9041457,0.4780501,-1.7458904
20009,1.0807633,0.9069898,-1.4600934
20011,0.84465605,0.910254,-0.94592124
20013,1.4279876,1.0338117,-1.4478476
20015,0.1937682,1.4691484,-0.7514821
20021,0.81777006,1.0144205,-0.9823781
20023,6.637895,-0.01324743,-2.7976277
20027,1.3668184,0.82703376,-0.6256031
20035,0.18069476,0.8348496,-0.53630316
20037,0.55145335,0.9296591,-1.0708532
20041,1.2269609,0.9014789,-0.8317576
20043,1.6442764,1.0759614,-1.1432704
20045,0.43718594,2.0069754,-1.6472657
20051,0.85272795,1.2437646,-1.8673108
20055,0.6788411,0.7450502,-1.2434858
20057,0.83704954,0.82964337,-1.5542524
20061,0.5227266,1.0311302,-1.1533573
20073,1.9717097,0.87146425,-0.85709244
20077,3.1831455,0.3485285,-1.5845766
20079,0.62282884,1.2366358,-1.0157666
20091,0.1176756,2.4936755,-2.0282657
20099,0.6944768,0.8705758,-1.1508799
20103,0.25482672,1.5610492,-0.8488255
20111,0.7764104,1.1157409,-1.562603
20113,1.2836752,1.2264168,-1.8002024
20115,1.3640134,1.0413579,-0.9871524
20117,1.4093523,0.9341872,-1.464139
20131,1.506597,1.1692954,-1.8239644
20133,0.8816865,0.8715422,-1.2586863
20139,0.583559,1.3652027,-0.33538985
20149,1.461756,1.2230556,-1.0419601
20155,0.6137703,1.162466,-1.2941848
20159,1.3098135,1.0086844,-1.0482829
20161,0.53318816,2.2977588,-2.2799761
20163,2.8344805,0.7707571,-1.9934859
20169,0.46125752,1.2114494,-1.4458935
20173,-0.46937305,1.7478795,-1.5008554
20175,0.66126823,0.7435899,-1.2415637
20177,0.29278123,1.4180887,-1.4253922
20183,3.7184672,0.4628682,-2.0389185
20191,0.5129675,0.9676683,-0.43020958
20201,3.044759,0.6422763,-1.3874013
20209,0.209144,1.2241757,-0.8224807
21001,0.47499132,0.5610732,-0.14010495
21003,0.4002784,0.9206029,-0.05554551
21009,0.48150605,0.3912444,-0.014096737
21013,0.91305166,0.6582264,-0.43970904
21015,0.27643907,1.1649454,-0.4547232
21019,0.12939924,0.8913784,-0.50712013
21021,0.3837312,0.93380046,-0.66320753
21025,1.1769927,1.0537664,0.7312867
21027,0.33589643,1.3689096,0.13722152
21029,-0.10502449,1.1932318,-0.0056213737
21033,1.0605228,0.69870114,-0.37896013
21035,0.42427307,1.0944223,-1.1961836
21037,0.33240598,1.5449693,-0.94029796
21043,0.45370394,1.4433832,-0.21024662
21045,1.134166,0.23455024,0.4448691
21047,0.15026006,0.8093176,-0.6452775
21049,0.09699297,0.9713378,-0.34041512
21051,0.74103624,0.9438926,0.6245466
21059,0.23320413,0.8148279,-0.7696804
21065,0.4336753,0.9207852,0.68836325
21067,-0.15126622,1.6899526,-1.3578976
21069,0.20744073,0.7785239,0.71745485
21071,1.1786401,1.0654622,-0.33519912
21073,0.4002806,1.0678823,-0.8997891
21083,0.09872112,0.31989706,-0.15458179
21085,0.54848033,0.48093367,0.3415119
21089,0.5386172,1.201256,-0.6440486
21093,0.15867037,0.9801065,-0.56783366
21095,1.036236,0.59375787,-0.3420577
21097,0.16379344,0.64400613,0.29942364
21099,0.48920292,0.39562964,0.46109098
21101,0.41115218,0.46705365,-0.16192913
21107,0.31893253,0.85133183,-0.59085757
21111,-1.0949624,2.1810322,-1.5431356
21113,0.2042216,1.1592661,-0.52877223
21115,0.25708637,0.6726575,-0.19586152
21117,0.088945925,1.3215239,-0.83394915
21119,1.038651,0.75568104,-0.14853412
21121,0.6746016,0.5993159,-0.048404276
21125,0.13398138,0.6883192,-0.29514337
21131,0.4970891,0.81363153,0.9946496
21133,0.5615547,0.89636934,0.020382345
21135,0.20352978,0.510844,1.4226992
21137,-0.16613126,0.57071114,0.77288395
21139,0.8579096,0.7155516,0.18763846
21141,0.30195004,0.32864833,0.5414873
21145,0.50010926,0.8804617,-1.0449649
21147,0.45869476,0.67161465,0.92351145
21151,-0.010688394,1.0519652,-0.29213578
21155,0.5655531,0.5410986,-0.3137514
21157,0.5145424,0.764343,-0.34203488
21159,0.78347844,0.5345433,0.5975761
21161,0.22025102,0.40113175,0.3488658
21163,-0.1141969,1.131014,0.49404305
21167,0.105930746,0.6623554,0.23124832
21171,0.9602054,0.32455552,0.3876291
21173,0.35875434,0.7607982,-0.07456964
21175,0.5137186,0.7016655,0.10076386
21177,0.2689543,0.5808544,0.21889752
21179,0.23580271,1.0378191,-0.16185677
21185,0.100996464,1.2965732,-0.34544247
21193,0.98696023,0.63032436,-0.23971677
21195,0.9498703,0.6958064,-0.19659382
21197,0.60928285,0.65719986,0.015037358
21199,0.114672184,0.8782432,-0.37787494
21203,0.25604725,0.4131087,0.29356068
21205,0.1144079,0.75815105,-0.13140482
21207,0.97842103,0.6347623,-0.77888674
21209,0.18474147,1.3491342,-0.8126847
21211,0.047389314,1.2151699,-0.20835978
21217,0.33527046,0.594419,-0.23808193
21219,0.711269,0.18651986,0.4639774
21225,0.8413666,0.38027358,-0.3094629
21227,0.13647273,1.2273531,-0.98672277
21229,0.85547656,0.8497801,-0.6383457
21233,0.49739832,0.8498292,0.12266344
21235,0.56526697,0.59192824,-0.09333134
21239,0.71568567,1.3959296,-0.84760886
22001,0.8092033,1.0797136,0.07198733
22005,0.2763673,1.3130367,-0.07988191
22007,0.40845197,1.7338188,-0.5553031
22009,0.43817747,1.1221539,1.0925071
22011,-0.102190405,1.2451966,0.4082114
22015,0.103355944,1.4125173,-0.8646658
22017,-0.12125558,1.6309373,-1.292608
22019,0.21582559,1.5330021,-1.2006632
22021,0.87471133,1.0491475,-0.14338464
22023,1.5455155,0.9522917,-0.5921703
22027,0.9583059,1.3486478,0.76144177
22029,0.552623,1.0353523,-0.80357397
22033,-0.38690203,1.8075554,-1.2221802
22039,1.0977125,1.3489351,0.91111916
22043,0.28332794,1.4565141,-0.26796168
22045,0.93928486,0.8648629,-0.18948698
22047,0.5434639,1.1568027,-0.4554982
22051,-0.42702085,1.9696395,-1.2014126
22053,0.4559279,1.1567783,0.3924032
22055,0.18687904,1.7250121,-1.2263782
22057,0.011472493,1.2556659,-0.29043752
22061,0.32330006,1.2808659,-1.1430676
22063,-0.34474126,1.361387,0.40228456
22067,0.16650155,0.7538301,0.10291928
22069,0.33779484,0.79360175,-0.4473191
22071,2.0635104,2.347293,-0.63508403
22073,-0.0063432455,1.0241802,-0.6688868
22075,0.33399272,0.9732276,-0.21238285
22077,0.7285128,1.1377846,-0.42021096
22079,0.085426986,1.1291721,-0.73407644
22085,0.5915619,0.9655973,0.72377294
22087,0.5040818,1.1627734,0.058814228
22089,0.71593493,1.7165041,-0.90478104
22091,1.4998901,1.641792,1.0126648
22093,0.71662146,1.2715273,-0.3254825
22095,0.53214103,1.43222,-0.20945811
22097,0.92300683,1.0224236,0.06226206
22099,0.71710193,0.8482884,-0.10613161
22101,0.6926642,0.6642786,-0.33751976
22103,-0.21227446,1.8938444,-0.36851913
22105,-0.053585663,1.4515421,-0.20441306
22109,0.3134029,1.4049332,-0.79483604
22111,0.12833351,1.0703773,0.14028877
22113,0.3921854,0.87717044,0.23703438
22117,0.6533047,1.3983905,0.59050506
22119,0.25046405,0.7953272,0.07230073
22121,0.54157704,1.4756539,-0.7522923
22123,0.79427236,0.435758,-0.052841604
22127,0.5734469,1.3729796,-0.23576564
23001,0.58023906,1.7429655,-1.0765018
23003,2.046773,1.0948396,-1.5651991
23005,0.8257006,2.3760777,-1.8292572
23007,2.0541975,1.2587981,-0.93848944
23009,1.8871503,2.0301998,-1.5650525
23011,0.63763696,1.8164475,-1.0574135
23013,1.724781,2.0747273,-2.141204
23015,1.2186329,2.3497407,-1.8057758
23017,0.5163315,1.5789111,-0.47208416
23019,0.5920912,1.7570868,-1.2997568
23021,1.3969045,1.566786,-1.0956416
23023,0.90217227,2.628735,-1.6768107
23025,0.7695437,1.2699881,-0.3592881
23027,1.4741263,2.173572,-1.4553087
23029,1.999495,1.1927783,-1.3223305
23031,0.50698596,2.2279077,-1.1328014
24001,0.48287314,1.2149923,-0.79616565
24003,0.017424315,2.0994182,-0.8389621
24005,-0.85668176,2.2947814,-1.1206012
24009,0.27115685,2.4588478,-0.066361964
24011,0.029181272,1.1219221,0.4781366
24013,0.2628928,2.0151687,-0.2105928
24015,0.22011396,1.4293883,-0.3179754
24017,-0.039584458,1.7313313,0.8101198
24019,0.5780404,1.0137239,-0.05385679
24021,0.11395496,2.0215352,-0.3387274
24023,0.8590395,1.026938,-0.6248099
24025,0.081965536,2.0506456,-0.47874087
24027,0.4288426,2.5947134,-1.2866445
24029,1.5925846,1.9951918,-1.4598103
24031,-0.5300698,3.3098547,-1.5260166
24033,-0.6280348,2.5359006,-0.36275667
24035,0.3105361,2.3279953,-0.5735604
24037,0.30252725,1.7445042,-0.44083187
24039,0.38953453,0.9250268,-0.34927756
24041,1.3158977,2.109349,-1.5338454
24043,0.51073194,1.2711606,-0.18985528
24045,0.13140109,1.1441331,-0.6081643
24047,1.033536,1.5332372,-1.147872
24510,3.892815,3.7564614,0.8940763
25001,1.3021374,3.027725,-2.3011053
25003,0.9551421,2.3192642,-1.9558005
25005,-0.06535357,1.9590714,-0.7698045
25007,3.3113418,3.4460528,-3.9972181
25009,0.01015234,2.468517,-1.1943464
25011,1.1972394,2.0713444,-1.5739827
25013,0.44315475,1.9126825,-1.3391213
25015,0.9964021,2.782718,-2.1486878
25017,-1.3956904,3.54696,-1.93729
25019,3.1525414,3.4725077,-4.000295
25021,-0.033399343,3.233373,-1.3001521
25023,-0.0011385083,2.645777,-0.9666756
25025,3.9140396,4.5106497,1.6014688
25027,-0.588833,2.5154722,-1.1716664
26001,1.619905,0.72633016,-0.2658524
26003,2.7841377,1.2208189,-1.5120262
26005,0.37549514,1.4329569,-0.7653225
26007,1.2443807,0.8017359,-1.2282841
26009,1.0639203,1.7052462,-1.0808377
26011,0.7022016,0.6633394,0.000104010105
26015,0.21452028,1.1918526,-0.18151897
26017,0.48817044,0.8744862,-0.52831495
26019,1.2544096,1.1385295,-0.7743863
26021,0.36343902,1.3375816,-1.0542619
26023,0.45736486,0.9794893,-0.588786
26025,0.4556762,1.0414072,-0.89414954
26027,0.51794475,1.4079502,-0.7642046
26029,1.8586822,2.0059457,-2.0978339
26031,1.0807455,1.0462079,-0.6378347
26033,1.3237844,0.902616,-1.3368795
26035,0.6229899,1.3961027,-0.2613917
26037,0.038575172,1.4061539,-0.6524632
26041,1.2296729,0.9938786,-1.3025905
26043,0.9530265,1.2456273,-1.5006816
26045,0.20692742,1.2065687,-0.69269466
26047,1.7023458,1.4764237,-1.6507678
26049,-0.4172853,1.4152596,-0.4709254
26051,0.6905505,1.4669421,-0.35081756
26053,1.1941447,1.9521291,-1.9043088
26055,0.92282706,1.4203608,-1.2991953
26057,0.24312145,0.8160684,-0.26889545
26061,1.079288,1.3106313,-1.7457466
26063,0.8412295,0.621223,-0.620872
26065,-0.15283477,1.7019792,-1.364771
26067,0.092996806,0.95615697,-0.036042154
26069,0.7903355,0.849293,-0.77168196
26071,1.152314,1.216146,-1.2496686
26073,0.28958333,0.99344766,-0.8980968
26075,0.08524105,1.083821,-0.61599416
26077,0.22975045,1.3860602,-1.1729457
26079,0.7573443,1.7579768,-0.5818465
26081,-0.3333426,1.8490155,-1.4089687
26087,-0.08460876,1.2797115,0.5152196
26089,2.4189122,4.2293434,-3.5892496
26091,-0.0036122203,1.2837527,-0.23596251
26093,0.07263976,1.8432891,-0.39973748
26095,2.0153337,0.7638509,-1.3677495
26097,2.1227748,0.7515167,-0.842561
26099,-1.1000143,1.9871519,-0.9491923
26101,1.1178949,1.1313074,-1.0084113
26103,0.7821675,1.661591,-1.6930315
26105,0.40409338,1.0474577,-0.92077136
26107,0.23976666,0.87613964,-0.3624329
26109,1.1653833,1.2603836,-1.029418
26111,0.46321136,1.1827645,-0.65974915
26115,0.12721959,1.2938468,-0.43366882
26117,0.1393475,0.99553216,0.31047577
26119,1.5245335,0.89245343,-0.5176201
26121,0.05884832,1.038177,-0.6534051
26123,-0.04328111,0.9186977,0.3998012
26125,-1.3283484,2.604935,-1.4832532
26127,0.82276803,1.6515393,-1.1015497
26129,0.57631844,0.70626223,0.04495138
26133,0.3558957,1.2913892,-0.5044843
26137,0.9997161,1.0195882,-1.0227544
26139,0.17579204,1.6482508,-1.3562951
26141,1.3399472,0.81540215,-0.35543543
26143,0.41856152,0.87852883,-0.33615685
26145,0.15786135,1.0775465,-0.68427753
26147,-0.053453684,1.1734833,-0.07036561
26149,0.5814796,0.76166403,-0.63648593
26151,0.28355923,0.64024174,0.3539129
26155,0.19769764,0.96569777,-0.004825294
26157,0.14397433,0.8928275,0.27728862
26159,0.3583057,1.057234,-0.46536326
26161,-0.2745707,2.3336291,-1.5732135
26163,-3.2347977,2.9229434,-1.8862209
26165,0.49106658,0.8559809,-0.41078764
27001,0.8972979,1.6065342,-0.7129561
27003,0.043707103,1.9295986,-0.98396015
27005,0.39651674,1.4609797,-1.0137347
27007,0.6087869,1.1466186,-0.930734
27009,0.5042754,2.2014272,-1.4650016
27011,2.5872216,0.7049861,-1.4583511
27013,0.50626105,1.7442291,-1.7821579
27015,1.1246655,1.3188119,-1.8362776
27017,0.6549424,1.2188978,-0.9407979
27019,0.9403494,3.1595323,-2.1074927
27021,1.4150605,1.9239032,-1.3752432
27023,1.5307016,1.0875233,-1.5890148
27025,0.7295465,3.5868113,-1.8235154
27027,0.34626645,1.5203474,-1.2760043
27029,1.1537371,0.9842566,-0.51011455
27031,3.2095695,0.8943465,-2.007333
27033,1.464716,0.4530046,-1.2319455
27035,0.94595,1.6064286,-1.1986538
27037,0.18970823,2.2245257,-1.4773481
27039,0.71915305,2.0617292,-1.1541786
27041,0.5929865,1.43292,-1.1815201
27043,1.8032255,1.0331175,-1.3122644
27045,1.1525528,2.3491685,-1.5496349
27047,0.60014486,1.2745428,-1.1363555
27049,0.733795,1.601265,-1.0480169
27051,2.0215511,1.1317658,-1.1489604
27053,-1.2036536,3.6203234,-2.7542233
27055,1.0123098,1.8334877,-1.2892948
27057,0.7955385,1.0498494,-0.6113548
27059,0.18147412,1.675497,-0.25766367
27061,0.6531357,1.2108934,-0.6900711
27067,0.8947466,1.2488868,-1.4319041
27069,3.0075414,0.72153723,-1.5484421
27071,2.2107863,0.78958046,-1.6009936
27079,1.0192521,2.4876568,-1.706335
27081,4.396565,0.44215298,-1.5554857
27083,1.2865539,1.0187957,-1.6779008
27085,0.49628532,1.5454085,-0.9819106
27089,2.5702014,0.80888045,-1.1042051
27091,0.8647637,1.5899487,-1.7411985
27093,0.55990165,1.1910367,-0.51952857
27095,0.16244376,1.2636659,0.19265288
27097,1.0571554,1.1134015,-0.29065078
27099,1.052386,1.0028049,-0.9926261
27101,1.3304589,0.5119668,-0.67519146
27103,0.9337359,2.3215816,-2.3432398
27105,1.3578944,0.49637222,-0.8194768
27109,0.64477664,1.7050159,-1.6247241
27111,0.6300651,1.0123496,-0.8725667
27115,0.06583354,1.207936,0.27286023
27117,1.9330406,0.9780097,-1.668719
27119,0.6690599,1.0484612,-1.1019636
27123,0.22139925,2.607061,-2.1255186
27127,1.9426479,0.91681254,-1.5283434
27129,1.4217668,1.1365035,-1.1912456
27131,0.64314777,1.9762568,-1.4875832
27135,1.4134054,0.90250826,-1.3834392
27137,0.3298359,1.688647,-1.4770151
27139,0.6646022,2.1247957,-1.3230441
27141,0.34585124,2.1190338,-0.6750964
27143,0.72582024,1.4898317,-0.6144005
27145,0.56375134,1.4126217,-1.1302272
27147,0.9756476,1.6044142,-1.5699775
27149,1.5633361,1.201518,-1.9199657
27151,1.3872716,1.1206155,-1.3128307
27153,1.033571,1.5056992,-0.8853133
27157,0.8492194,2.432616,-1.6501659
27159,1.0786269,0.943607,-0.89654523
27163,0.4086638,2.2419446,-1.4526944
27169,0.58742803,1.6420534,-1.6312635
27171,0.28439242,2.2372205,-0.8371954
27173,1.2836945,1.0734481,-1.0704279
28001,0.46686256,1.2407186,-0.92609125
28003,0.6197133,0.9583827,-0.63320386
28011,0.46201718,1.2640293,-1.071234
28013,0.942669,0.81592846,0.11972368
28017,0.85263497,0.8209933,-0.6474129
28023,0.1909132,1.1013869,0.49920934
28027,1.5835931,0.8986795,-0.60426927
28029,0.027832001,0.9409641,0.14908832
28031,0.672444,0.81327987,-0.38776007
28033,0.027440935,1.6791444,-0.6997283
28035,0.43483424,1.4978588,-1.1630805
28041,0.36181277,1.1700591,1.6478331
28045,-0.12657206,1.6267109,0.036669314
28047,-0.23429206,1.4835284,-0.75768733
28049,-0.32664257,1.9025378,-1.2731261
28051,1.1554403,1.7593901,1.6699035
28057,0.5386256,0.9139025,-0.21881217
28059,0.038895845,1.6533921,-0.79613286
28067,0.21339467,1.206907,-0.5529041
28071,0.35671628,2.373007,-1.6290911
28073,0.26319402,1.6111722,-0.6929183
28075,-0.070320934,1.1337513,-0.50070494
28077,0.33616167,1.0177428,0.55494064
28081,0.7109901,1.2409893,-1.0959985
28083,1.2874246,1.1067793,-0.65910184
28087,0.43027467,1.4734523,-1.114945
28089,0.51074123,1.672538,-1.0200717
28091,-0.13248646,1.1086692,0.62331957
28095,0.16319138,1.0395305,-0.27807754
28099,0.08550924,0.9139017,-0.1233899
28101,0.1321485,0.79984236,0.17716426
28105,0.2638115,1.7652256,-1.376778
28107,-0.034904912,1.3410807,-0.111430824
28109,-0.24460849,1.4072351,0.52061576
28113,0.32192665,1.1520807,-0.2613601
28115,0.5845445,0.9510654,-0.2631482
28117,0.47099525,0.7537737,-0.22795814
28121,0.010654047,1.7083795,-0.6550266
28123,0.6323738,0.5308331,0.023207664
28133,0.41849107,0.9952277,-0.821615
28139,0.8980132,0.94735503,-0.45722473
28141,1.902832,0.45587373,-0.5500892
28143,0.95681113,0.81025004,0.27395624
28145,0.28052562,1.0634059,-0.55198014
28147,0.11467856,1.0668151,0.791655
28149,0.29073933,1.5243101,-1.0679677
28151,0.28788963,1.2068617,-1.0439017
28153,0.107221335,1.2023228,0.27625662
28155,1.0916016,1.5418811,-0.6390368
28157,0.9160848,1.3377764,0.8280243
28159,0.41219842,0.8115339,-0.19250351
28161,0.5751009,1.0634423,0.09091967
28163,1.3176832,1.5269825,0.55719525
29001,0.58629805,1.029907,-1.3853624
29009,0.7353504,0.67288315,-0.34713542
29013,0.30311298,1.3844702,0.109107316
29015,0.12190968,1.1171143,0.28495878
29019,0.35995895,1.8730104,-1.7721708
29021,0.6665799,1.0486166,-1.2230287
29023,0.4996876,0.6732173,-0.5475551
29025,1.6133132,1.9188361,-0.76818997
29027,0.12694699,0.9429605,-0.3354625
29029,0.59247357,1.3304582,-0.9484394
29031,0.3980813,1.0539773,-0.96349025
29035,2.852683,0.46367383,-0.13298213
29037,0.14407828,1.5037043,-0.39452395
29039,0.5779856,0.8783432,-0.29496962
29041,1.4961908,0.68864024,-0.6954522
29043,0.42458725,1.4855003,-0.69255304
29047,0.14940533,1.7138765,-1.1112984
29051,0.4985515,1.1933155,-1.2378163
29055,0.3359357,1.1778461,-0.06335455
29061,2.0667536,2.1102061,-0.076188564
29065,0.7629159,1.0426984,-0.88382256
29069,1.1571977,0.38301623,-0.2965532
29071,0.42036623,1.5096304,-0.45363683
29073,1.2191007,1.2663634,-0.60762244
29075,1.8329597,0.881879,-0.96850276
29077,-0.116205454,1.5974071,-1.3724725
29083,0.46617997,0.9880886,-0.6672261
29085,0.76774096,0.88819015,0.19768149
29089,0.94248563,0.85841584,-0.27256423
29091,0.84836334,0.7142122,-0.5034616
29093,1.343188,0.82303894,-0.3515001
29095,-1.2263622,2.423669,-1.5584912
29097,0.121810764,1.0184002,-0.86553615
29099,-0.2144304,1.6844873,-0.24164283
29101,0.17736137,1.3655384,-0.6887405
29105,0.27016336,0.85868835,-0.5582489
29107,0.4595986,1.8650787,-1.0201223
29109,0.14037248,0.91511583,-0.21747541
29113,-0.27543136,1.3132703,0.2569061
29119,0.5909021,1.1424716,-0.31608278
29121,0.9164819,0.7773243,-0.63390744
29127,0.58002865,0.95853615,-1.1036228
29131,1.139018,1.6034143,-0.84076095
29133,1.6068165,1.198948,-0.75028384
29135,0.8349188,1.1222981,-0.43483964
29139,0.711467,1.0211637,-0.07081181
29141,0.4871959,0.5682051,0.2549128
29143,1.1717789,1.1034049,-1.0483038
29145,0.56280124,0.8393979,-0.5541835
29149,1.3826675,0.5765333,-0.523942
29151,1.3137064,1.07073,-0.56646335
29155,0.8970087,0.4700358,-0.51217824
29157,0.55836827,0.9629488,-0.7288269
29159,0.40013683,0.92342615,-0.91748625
29161,0.48926038,1.0482746,-1.005724
29165,0.4461363,2.3205833,-1.4551998
29167,0.0076059997,1.0273671,0.050752103
29169,0.31372935,1.0608659,-0.8978972
29175,0.5184259,0.8348346,-0.5725165
29183,0.07357013,1.9858682,-1.1431526
29186,0.1842176,1.0971998,0.32732517
29187,0.4937756,1.0249112,-0.33222246
29189,-0.895431,2.8932984,-2.0505712
29195,0.89054877,0.78451705,-1.0791962
29201,1.103812,1.1176337,-1.3034834
29203,1.0013735,0.67562973,0.13870734
29207,0.88384086,0.6456586,-0.42766124
29209,0.22004601,1.1621206,-0.21868926
29211,2.0788774,0.8088157,-1.258168
29213,0.6136638,1.4409356,-0.94210994
29215,0.48612463,0.70914626,-0.09251523
29219,0.19664416,1.4080019,0.04910499
29223,0.47036827,0.73454964,0.24715513
29225,0.052891463,1.055027,-0.08278054
29229,0.8039121,0.65170527,0.25664562
29510,2.3293505,2.816451,-0.8566192
30001,1.4577017,1.2396541,-1.4217725
30003,1.3205948,1.2073799,-1.3363019
30005,3.9737153,0.50679827,-2.075029
30009,1.9838109,1.1406789,-0.55569386
30013,0.63779485,1.2691453,-1.4929404
30015,2.2233598,0.91568625,-1.5166248
30027,2.3245752,0.837736,-1.4941885
30029,0.8852168,1.5683472,-1.5076385
30031,0.9613859,2.2974768,-2.2218769
30035,1.7937975,1.3025165,-2.0444982
30045,6.1889396,0.12951505,-1.9950426
30047,1.0185254,1.4596903,-1.1192484
30049,1.0929987,1.5669963,-1.6733456
30053,1.7857919,0.88050914,-1.365355
30057,1.5683262,2.1375833,-1.504948
30063,0.6168379,1.7455595,-1.7183883
30067,1.1530297,2.2071216,-1.4778149
30073,2.2114124,0.89364505,-1.4070477
30081,1.1561518,1.9097936,-1.3554562
30083,1.1777649,1.5097723,-1.2100359
30085,2.0413022,1.2512534,-1.6482866
30087,2.6126943,1.0643849,-2.014868
30089,2.7488303,1.0848757,-1.4697767
30093,0.8406474,1.3016555,-1.5187731
30105,1.9658136,1.3171644,-2.0389924
30111,0.35927767,1.498904,-1.3919908
31001,0.7164789,0.75828314,-1.226553
31003,3.3540382,0.4275962,-1.5662746
31011,3.3131428,0.4864781,-1.591877
31013,1.7516339,0.69102,-1.9003322
31019,0.72672063,1.4376943,-1.66606
31025,0.5498053,2.2141445,-0.98071396
31027,2.002755,0.83294904,-1.3502712
31029,3.3153307,0.49779236,-1.9197536
31031,2.3055952,0.6271068,-1.6057899
31033,1.4222932,0.7085273,-1.307554
31035,1.8360126,0.52349544,-0.7242274
31037,2.053418,0.7826141,-1.4596334
31039,1.903748,0.7953658,-1.3513764
31041,2.6984968,0.18060446,-1.1870663
31043,1.2472236,0.3065188,-1.1397588
31047,0.48629075,0.64057076,-0.8291795
31053,0.9258347,1.007108,-1.1328683
31055,-0.30477494,2.059639,-1.7192278
31059,2.1112638,0.4893272,-0.83049244
31063,4.617625,-0.18016833,-1.2292776
31065,3.5606818,-0.0028971434,-1.4390724
31067,1.0406811,0.71327114,-0.68220097
31077,7.100487,-0.50114256,-2.114786
31079,0.6183499,0.8287964,-1.0519204
31089,2.5071118,0.613533,-1.5997224
31093,1.5968609,0.66159666,-0.32071322
31107,2.9983993,0.58874965,-1.4105418
31109,0.092203975,1.7982559,-1.6322316
31111,0.9754506,0.9688864,-1.449849
31119,1.1401155,0.8689177,-1.5539032
31123,2.5853941,0.5580275,-1.0557907
31127,2.0152624,1.87083,-1.9696813
31131,1.0810945,2.0901783,-1.6835966
31137,2.0635738,1.1184672,-1.9947271
31141,0.84309775,0.9844489,-1.3507915
31151,1.5507717,1.368067,-1.3438369
31153,0.2520156,1.5658264,-1.1357801
31155,1.0776553,1.6215155,-0.945067
31157,0.56507814,0.9455228,-1.2763846
31159,1.0323215,1.4624014,-1.1815313
31161,3.224742,0.4274416,-1.4388783
31169,4.2929587,0.07907456,-1.7543633
31175,3.0294507,0.32885218,-1.3591869
32003,-4.391261,3.4974725,-2.1539273
32005,0.41718787,1.942013,-0.9534954
32007,0.6360814,1.4039056,-0.29731375
32013,1.0113127,1.3411007,-0.4728518
32017,3.4209046,0.9421704,-2.2847824
32019,0.24539572,1.6089559,-0.35756308
32023,-0.042088434,1.2969625,-0.08559173
32031,-0.18091017,2.461138,-1.7568214
32033,1.9338284,1.1358616,-1.6688654
32510,0.58619094,1.4912622,-1.2413168
33001,0.81868464,1.9739785,-1.2403736
33003,1.4163296,2.0358024,-1.332226
33005,0.59865427,1.6998453,-1.0916908
33007,1.3335097,1.454226,-1.166209
33009,1.3562675,1.828568,-1.6174614
33011,0.18201679,2.1334474,-1.0354857
33013,0.51523805,1.9493148,-0.98315114
33015,0.21028233,2.2138383,-0.9057891
33017,0.4352699,1.8685164,-0.97507703
33019,0.39497453,1.4154744,-0.56112355
34001,1.0903213,1.6325717,-0.8809221
34003,-0.2631026,2.8115065,-1.2466191
34005,-0.090382785,2.104535,-0.79265136
34007,0.6669827,2.1729953,-1.0303828
34009,1.4135516,2.3387825,-2.0312498
34011,0.9199522,1.1234136,-0.5015889
34013,3.2443242,3.6536462,0.72953886
34015,0.02587901,1.7497756,-0.63201475
34017,4.2021832,3.4638703,3.3427424
34019,0.47952962,1.9867918,-0.37579155
34021,1.3508127,2.0900087,-0.8622824
34023,-0.03222245,1.9496903,-0.48739403
34025,0.02409187,2.6791155,-1.0714922
34027,0.25282526,2.6417446,-1.2380041
34029,-0.47738597,2.329668,-0.9393958
34031,2.1236064,2.0237823,-0.5337181
34033,0.79570174,2.0586247,-1.1250963
34035,0.42435485,2.375507,-0.86723286
34037,0.32886857,2.111779,-0.12132555
34039,1.0731521,2.13831,-0.608219
34041,0.4676484,1.817069,-0.12699336
35001,-1.1282283,1.9344976,-1.176127
35005,0.21624643,0.95342135,-0.83759654
35006,0.32632113,0.6234009,-0.11503798
35007,1.6704803,1.935144,-1.9716156
35009,0.5366425,1.1605871,-1.3462269
35013,-0.24156396,1.2231259,-0.65655077
35015,0.18516701,1.2414279,-0.8257638
35017,0.7513829,1.2394578,-1.3311629
35025,0.16322923,1.2669642,-0.5560419
35027,0.7310438,1.4673393,-1.2972596
35028,1.1772346,1.8150623,-2.1956244
35031,0.24540132,0.9772668,-0.08755964
35035,0.33251083,1.1190336,-0.7135364
35039,-0.06703141,1.0459795,0.25207716
35043,-0.057117835,1.5441716,-0.15496331
35045,-0.012254819,1.1275429,-0.47831106
35047,0.2838601,1.0415661,-0.60871756
35049,0.41194922,2.057186,-1.3497164
35055,1.1912596,2.117207,-1.4246259
35061,-0.22887087,1.0963045,0.2664227
36001,1.0231738,1.9115067,-1.4599683
36003,1.0752943,1.4496348,-1.152972
36005,9.438199,6.1132593,7.410564
36007,0.74248093,1.6646562,-1.3729968
36009,0.81970745,1.1055968,-0.7476604
36011,0.53235024,1.6079764,-1.1029874
36013,0.75318515,1.3772578,-1.3239187
36015,0.67843086,1.338814,-1.2059616
36017,0.6744739,1.0793078,-0.73488796
36019,0.60932887,1.4970942,-1.2777417
36021,1.1408885,1.8338637,-1.1885405
36023,0.7564232,1.2977664,-0.9262059
36025,0.7820083,1.975282,-1.1709884
36027,0.82505375,1.8110583,-0.43986577
36029,-0.51030105,2.5050483,-2.0577557
36031,1.9087863,1.6988924,-1.5845238
36033,1.0878358,1.1688415,-1.0837042
36035,0.6594649,1.106627,-0.47405928
36037,0.4592572,1.2331764,-0.7100825
36039,0.9420095,1.6108806,-0.614995
36041,2.9498305,1.3849106,-1.713017
36043,0.48465633,1.1881839,-0.45308512
36045,0.9277703,1.2741282,-1.3171744
36047,8.6687,6.754485,5.979131
36049,0.39305693,0.9014783,-0.34779358
36051,0.6105787,1.5930159,-0.8735722
36053,0.56152916,1.5461237,-0.9688207
36055,-0.16211945,2.2694438,-2.0066128
36057,0.60940856,1.3046141,-0.76566976
36059,0.32172608,2.5917518,-0.578182
36061,12.490024,10.925514,5.003284
36063,0.27970612,1.5164611,-1.0522047
36065,0.85419875,1.3353181,-1.1363248
36067,0.21791911,2.0412412,-1.7792492
36069,0.5574735,1.8319597,-1.3242459
36071,0.7351349,1.7669237,0.19319195
36073,0.34239584,1.1689379,-0.38330215
36075,0.35907793,1.2740083,-0.60788894
36077,0.96683556,1.5329382,-1.1714077
36079,0.66660625,2.438981,-0.19505656
36081,5.09343,4.6227837,4.4982786
36083,0.7405252,1.6836841,-1.091662
36085,2.3600097,2.8481672,1.9730337
36087,1.123869,1.8006556,-0.5337421
36089,0.47120386,1.4706788,-1.1853104
36091,0.2923399,2.2513802,-1.2904513
36093,1.3596785,1.4957573,-0.9717556
36095,0.13717428,1.2859695,0.04064119
36099,0.58466035,1.0031581,-0.78350353
36101,0.8084236,1.48773,-1.1361723
36103,-0.5793674,2.9044666,-1.3510814
36105,1.5026236,1.0118012,-0.4348467
36107,0.8213441,1.5747194,-1.1337619
36109,1.1379998,2.4389243,-1.703263
36111,0.6410153,1.8417735,-0.8890052
36113,1.3500652,1.6890776,-1.5612833
36115,0.5415375,1.8034518,-0.8374016
36117,0.5042228,1.3677464,-0.81746125
36119,2.2918067,3.000012,0.18835777
36121,0.6777945,1.4140558,-0.74648225
36123,2.1842117,1.7775769,-1.0689352
37001,0.1491332,1.5641706,-0.6993661
37005,0.73815435,0.74912417,-0.084536076
37009,0.57967174,0.81284046,-0.23182619
37011,0.9537954,2.23402,-1.5809644
37013,0.4089765,1.0798135,-0.45910344
37017,0.376364,1.0085746,-0.025203109
37019,0.41146028,1.9528253,-1.0712647
37021,0.87983686,2.371591,-2.0429552
37023,0.29509288,0.90563047,-0.4332144
37025,0.24049982,1.634021,-0.6327247
37027,0.15922129,0.86614466,-0.10370731
37031,0.93699783,1.9923286,-1.4798214
37033,0.046304733,0.9635308,0.3330403
37035,0.3447559,1.308053,-0.7999531
37037,0.68179566,1.8043573,-0.7566818
37039,0.39915353,0.9764316,-0.323229
37045,0.2117945,0.8640182,-0.19386286
37047,0.44555175,0.72142065,0.31585854
37049,0.6823808,1.4896259,-1.188792
37051,-0.085359454,1.4715388,-1.0780503
37053,0.9497196,2.1420724,-0.38952664
37055,2.0752232,1.9849257,-1.90764
37057,0.21275342,1.0447707,-0.47029433
37059,0.17829144,1.1382416,-0.175484
37061,0.47867054,0.8196883,0.23024327
37063,0.06658071,2.03638,-1.4406499
37065,0.73457515,0.57768214,-0.34008163
37067,0.12870324,1.8644454,-1.3753924
37069,-0.0777981,1.1878201,0.44754833
37071,-0.032106653,1.3436296,-0.4065275
37077,-0.065991014,1.2278122,0.1711275
37079,0.5277415,1.0423383,-0.33125323
37081,-0.24406129,1.8791814,-1.4109936
37083,1.0386493,0.61116683,-0.14672124
37085,-0.1297937,1.4148092,0.20062047
37087,0.5124882,1.6436694,-1.0120187
37089,0.543036,1.6019218,-1.1550994
37091,0.51850104,0.74099195,-0.026040673
37093,0.0065793097,1.0664979,0.078314185
37097,0.2838609,1.6473815,-0.8766117
37099,0.65214014,1.0970161,-0.9941107
37101,0.041178018,1.6922987,-0.15004939
37103,1.1270106,1.3631778,-0.57226586
37105,0.6412014,1.1864915,-0.5150413
37107,0.72421205,0.86794376,-0.3802742
37109,0.2545163,1.5558436,-0.34908497
37111,0.27984142,0.86007667,-0.25106746
37113,0.6858589,0.99935555,-0.70044243
37115,0.78458387,2.1342645,-0.5964122
37117,0.1835458,0.71799827,0.059370995
37119,-1.2377918,3.0312731,-1.9288015
37123,0.45791692,0.7107997,0.082093775
37125,0.60275024,2.2695673,-1.2651043
37127,0.55209166,1.0008512,-0.5714044
37129,0.5742888,2.277476,-1.9532666
37133,0.11268246,1.4260583,-0.91374093
37135,0.72858316,2.8221135,-2.0662131
37137,1.1565135,1.3947537,-0.7534256
37139,0.58019584,1.1113367,-0.18758559
37141,0.5511354,2.032612,-0.6964821
37145,0.0060106814,1.0834453,0.27819413
37147,-0.1484676,1.5794358,-1.073123
37151,0.21068677,1.108118,-0.40453523
37153,1.0137215,0.636173,-0.32602537
37155,0.4455381,0.6114633,0.020759642
37157,0.44097412,0.8788645,-0.05351925
37159,0.10100061,1.3221107,-0.47026068
37161,0.25657937,0.92472935,-0.15785235
37163,0.27798885,0.80690134,-0.030011535
37165,0.38634634,0.67977643,-0.091347516
37167,0.40396047,1.0990894,-0.14166313
37169,0.214151,1.221408,0.17642027
37171,0.4473546,0.9808886,-0.45569307
37173,0.81013316,0.99532866,-0.9201797
37175,0.93744165,1.3896551,-1.1330605
37179,0.31466234,1.8953712,-0.5961759
37181,0.57636845,0.7464726,-0.09942484
37183,-0.89970213,2.8524735,-1.8120673
37185,0.34609282,0.80959177,0.25555652
37187,1.0967925,1.0538553,1.2126117
37189,0.8732472,2.3183444,-1.9369543
37191,0.30324358,0.92165613,-0.5145962
37193,0.24587122,1.0938314,-0.31885254
37195,0.72848684,1.0522532,-0.79400015
37197,0.31473142,1.0783085,0.06543523
37199,0.7011354,2.0135713,-1.0080119
38003,1.5365939,0.89519644,-1.1884514
38015,0.5553514,1.491292,-1.529206
38017,0.5776375,1.6642764,-1.7918165
38019,3.4113972,0.63001585,-1.6490874
38021,2.7353773,0.6626532,-1.7628052
38029,5.287172,0.47309673,-2.1481476
38035,0.61587065,1.2199838,-1.535465
38037,7.3994985,-0.35967386,-2.1364923
38041,5.323997,0.5180106,-2.4751287
38049,2.5645895,0.8481437,-0.5277641
38057,1.5727389,0.8774197,-1.2568781
38059,0.70762706,1.0645697,-0.99069923
38061,1.6018589,1.010672,-1.3304478
38067,2.561007,0.8159218,-1.70735
38079,1.5957255,0.9129685,-1.4420457
38081,3.4422355,1.0070331,-2.1785855
38089,0.6613622,1.4615893,-1.5231891
38097,3.6585197,0.5739932,-1.5929065
38099,1.3121011,1.0789323,-1.3819013
38101,0.42734742,1.2685544,-1.1287295
38103,5.8516307,0.3563168,-2.6769936
38105,0.7299512,1.5789716,-1.5045905
39003,0.49105126,0.6638545,-0.78134346
39005,0.7514572,1.2548752,-0.782766
39007,0.32526338,1.4123363,-0.5105939
39009,0.26199895,1.3484106,-0.70483863
39011,0.6133276,1.155019,-1.1347158
39013,0.5010208,0.9296539,-0.33400226
39015,-0.15822238,1.0764725,0.6201574
39017,-0.26008955,1.5549178,-0.8094007
39021,0.35218316,1.1030419,-0.2087887
39023,0.124020934,0.92895293,-0.46519944
39025,-0.09260761,1.42013,-0.30387175
39027,0.25997257,0.99510455,-0.34717435
39029,0.39162582,1.1744584,-0.5796392
39031,0.5038755,0.9738661,-0.3277102
39033,0.2632153,0.91651094,-0.35770142
39035,-1.9820096,3.4255464,-2.4378676
39037,0.4715206,0.91709185,-0.52241594
39039,0.4302715,0.7331244,-0.6612737
39041,0.274822,1.910424,-0.99166703
39043,0.436076,1.1670139,-0.8583888
39045,-0.051968515,1.2945604,-0.18377084
39047,0.2447536,0.98252046,-0.08898997
39049,-2.2294815,2.7955396,-2.0274954
39051,0.69971216,0.95707417,-0.5007808
39053,0.38074797,0.7831373,-0.122437954
39055,0.74546045,2.1473875,-1.1603665
39057,0.17296237,1.424542,-0.94664884
39059,1.1408291,0.88674414,-0.68969107
39061,-1.2716417,2.2294366,-1.5022169
39063,0.5345055,1.0664904,-1.1401298
39065,0.3309784,0.38082957,0.019063175
39067,0.4321313,1.1016805,-0.00743711
39069,0.33588535,0.67068267,-0.18266964
39071,0.055992603,0.74927974,0.37136656
39073,0.08760831,0.9419012,0.31558496
39075,4.0857267,2.433974,1.1766913
39077,0.27836117,1.1398925,-0.6797317
39079,0.4715631,0.66355205,0.33126146
39081,0.4626994,1.0757896,-0.5807669
39083,0.37194914,1.2726336,-0.5101911
39085,0.57768786,1.944895,-1.3985034
39087,0.3016461,0.7150806,-0.30377513
39089,0.081935465,1.4187162,-0.48383853
39091,0.9289376,0.9359127,-0.79866564
39093,0.10413712,1.7134995,-0.9085468
39095,-0.4260781,1.4879749,-1.1796268
39097,0.13522115,1.1369911,-0.3661926
39099,0.09916657,1.6743474,-1.145633
39101,0.31882942,0.80909467,-0.24754834
39103,0.35244876,2.1175828,-1.0767028
39107,0.5402466,0.3711022,-0.5477458
39109,0.18703532,1.2810311,-0.82018876
39113,-0.6691099,1.6300514,-1.1107814
39115,0.00013190508,0.86076987,1.06569
39117,-0.20842713,1.1236051,0.49840134
39119,0.21677178,0.9882858,-0.28938818
39121,0.6935074,0.99270105,-0.63768625
39123,0.63624835,1.4887269,-0.8198941
39125,0.44878715,0.7540611,-0.26356012
39127,0.33625948,0.77716017,0.63752836
39129,0.096168816,1.0886395,-0.06499964
39131,0.21245214,0.76273084,0.37346965
39133,0.14926541,1.7502017,-0.9336627
39135,-0.095047325,0.73651576,0.14906448
39137,0.24185404,0.79112685,-0.38307732
39139,0.33006996,1.066962,-0.7421643
39141,0.37957913,0.9325502,-0.1732803
39143,0.69554013,0.8868785,-0.7945025
39145,0.21055782,0.9344332,0.06667966
39147,0.49837327,0.7810712,-0.64348936
39149,0.50327474,0.97198606,-0.9437715
39151,0.09258753,1.5644281,-1.1639475
39153,-0.19122237,2.2330868,-1.5333186
39155,0.21365365,1.3555548,-0.84984875
39157,0.5580667,1.4051645,-0.9235935
39159,0.2892384,1.3457816,-0.4657517
39161,0.39247382,0.41566288,-0.27434856
39165,0.2579345,1.6351149,-0.80559826
39167,0.4772789,1.1390104,-0.6456252
39169,0.9325486,1.5677285,-1.4354233
39171,0.4498223,0.7756789,-0.7026948
39173,0.25361994,1.4318144,-1.1505435
39175,0.6404021,0.7259922,-0.632419
40001,0.5754768,1.2003897,-0.5001369
40009,0.9291217,1.0804986,-1.4343362
40013,0.24146211,1.089898,-0.82431746
40015,0.43062937,0.7867873,-0.31685525
40017,0.05961114,1.5350411,-0.6518066
40019,0.7341715,1.2748237,-1.0888579
40021,0.15891084,1.3265245,-0.65081275
40027,-0.21391788,1.6567328,-0.9414832
40031,0.2716796,1.0774424,-1.0746611
40037,0.15353021,1.2416378,-0.4545123
40039,0.6196203,1.238195,-1.1914186
40041,0.016725332,1.4574335,-0.25868618
40043,2.5542111,0.8159356,-1.4533913
40047,0.6828073,1.1689708,-1.2971371
40049,0.6584404,0.9236491,-0.44861028
40051,0.19242573,1.1769958,-0.30681044
40061,0.6849884,0.9070265,-0.289957
40063,0.7157133,0.8937175,-0.33558875
40071,0.5804805,1.1249213,-1.1025517
40073,0.75688356,1.1066563,-0.8483789
40075,1.2473786,0.89620566,-0.727206
40079,0.15132943,1.2154284,-0.5535626
40081,0.18810284,1.1631713,0.053949
40083,0.027677193,1.2628293,-0.049625754
40087,0.06931695,1.2546093,-0.15017515
40089,0.32374382,1.1410406,-0.55625355
40091,0.6083661,1.2693689,-0.46253976
40093,1.4815054,1.100596,-0.7397677
40095,0.78467906,1.0737576,-0.50767857
40097,0.46613115,1.0795553,-0.42776412
40099,0.8281291,0.9514797,-0.794434
40101,0.4529835,1.1953952,-0.8333106
40107,0.7538473,0.80116403,-0.24585444
40109,-1.2821312,2.1838574,-1.4918275
40111,0.06650016,0.96030104,-0.26478082
40115,0.2737631,0.8958881,-0.66021216
40119,-0.010002613,1.4124897,-1.263022
40121,0.28992808,1.2155013,-0.84664917
40123,0.7404474,0.9081521,-1.1094712
40125,0.09362289,1.4631414,-0.6897688
40127,0.92881626,1.0827327,-0.5089538
40131,0.13261247,1.5084527,-0.58205736
40133,0.42948782,0.90883374,-0.39629665
40135,0.48891586,0.9272324,-0.32447278
40137,0.19520685,1.1921737,-0.5652834
40139,0.999507,0.67818654,-1.0978616
40143,-0.7883218,2.0848515,-1.6348399
40147,0.4704222,1.3746104,-1.0844826
40149,1.1560657,1.2271662,-1.0118012
40153,0.6321866,1.1685967,-0.90216756
41001,1.2459347,1.164664,-1.7114692
41003,0.6779145,2.2494347,-1.9841785
41005,0.16710657,2.4704204,-1.3618405
41007,1.4287663,1.4873314,-1.403645
41009,0.26091218,1.8470602,-0.32320625
41011,1.1695108,1.3293417,-1.5339484
41013,0.83369786,2.4096215,-1.3850032
41015,1.9868813,1.5958548,-1.9660442
41017,0.77114683,2.3832366,-2.1148572
41019,0.8982902,1.3854344,-1.285061
41023,2.9347873,0.8556526,-1.5290956
41025,2.2242303,2.0475752,-2.816789
41027,2.2186084,1.7463775,-2.1773248
41029,0.5512389,1.8402328,-1.7139366
41031,0.7101253,1.7772796,-0.99893355
41033,0.79303163,1.8059971,-1.4690325
41035,1.051213,1.4547074,-1.6385866
41039,0.008048177,2.1844134,-1.8289733
41041,1.6092505,1.8155243,-1.6758984
41043,0.30328768,1.529912,-0.6905564
41045,0.8800861,0.83560705,-0.9681707
41047,0.008142799,1.7303135,-0.9804594
41051,-0.3144099,3.4147875,-2.1258526
41053,0.17617357,1.7389321,-0.82326376
41057,1.6930902,1.6573346,-1.8275869
41059,0.76340824,1.0665727,-1.1060643
41061,1.2154372,1.1549568,-1.5904427
41063,1.9483714,1.0339999,-1.8136344
41065,1.4115841,1.4234807,-1.5959952
41067,0.064433515,2.7038713,-1.8146317
41071,0.9203301,2.1624296,-1.3065453
42001,0.14282742,1.6007411,-0.4568823
42003,-1.7231245,3.1111383,-1.9757869
42005,0.27250725,1.089429,-0.02360028
42007,0.20829007,1.6046882,-0.7552067
42009,1.0141411,1.4936795,-0.7990936
42011,0.0045568943,1.6051745,-0.8530831
42013,0.5397434,1.1777709,-1.0074905
42015,0.70485836,1.1254998,-0.6573697
42017,-0.14484048,2.345322,-0.97849697
42019,0.23270887,1.7948747,-0.7287669
42021,0.7056103,1.1743462,-0.6799942
42023,2.9043179,0.581763,-1.475934
42025,0.07116577,1.4414597,0.1308685
42027,0.16164172,1.933269,-1.5691414
42029,0.2534203,2.8363478,-1.6418567
42031,0.6073902,1.040194,-0.4999596
42033,0.48658007,1.1911438,-0.5330371
42035,0.5861189,0.9913919,-0.5309521
42037,0.4327687,1.374233,-0.99816114
42039,0.66884387,1.1509126,-0.67689806
42041,0.3753717,1.7336547,-1.2854908
42043,0.26262945,1.4682982,-1.165348
42045,0.34208757,2.4657745,-1.267319
42047,1.0336399,1.0301619,-1.2295002
42049,0.18977782,1.5928504,-1.3963633
42051,0.48174828,1.1131312,-0.33168274
42055,0.47417253,1.3468688,-0.74673814
42059,0.2783799,1.3102272,-0.14307016
42061,-0.122846186,1.0951126,0.32648534
42063,0.27105492,1.312707,-0.6205718
42065,0.42046142,1.0595328,-0.5708103
42067,0.71293694,1.1064714,0.04885131
42069,0.35185528,1.5282958,-1.2275281
42071,0.2132037,1.9246292,-1.3079259
42073,0.5286151,1.4891198,-0.93503696
42075,0.7858895,1.2833636,-1.0174534
42077,0.14540309,1.8551629,-1.0563384
42079,0.32389706,1.4732718,-0.9469878
42081,0.48144925,1.389889,-1.0990555
42083,1.0458217,1.0426748,-1.0518696
42085,0.2800299,1.3865166,-0.9736428
42087,0.90407497,0.8386347,-0.37597352
42089,-0.17813128,1.6677547,0.5876697
42091,-0.21077651,2.8511236,-1.5669501
42093,0.64615244,0.95313764,-0.9394719
42095,0.26674855,2.0646656,-1.0237067
42097,0.6659762,0.9692608,-0.36101598
42099,0.39266092,1.1610241,0.20785898
42101,2.866903,3.727543,1.5755885
42103,-0.27766573,1.7985797,0.8670632
42105,0.9696755,1.4775097,-0.9958223
42107,0.5678819,1.1924195,-0.29562646
42109,0.78240705,1.1675296,-0.8174223
42111,0.6269639,1.1532832,-0.57513076
42113,1.5950148,0.9573194,-0.05528295
42115,0.57608664,1.880116,-0.8904202
42117,0.49909872,1.0178393,-0.45657292
42119,0.5952808,1.372853,-1.3873155
42121,0.6420606,1.1369717,-0.7321348
42123,0.5925159,1.1186744,-0.9226117
42125,0.158162,1.8221345,-0.81438214
42127,0.44263548,1.521872,-0.41052273
42129,-0.027073503,1.8789644,-0.8459757
42131,0.45839053,1.2181472,-0.4682119
42133,-0.1738418,1.5998046,-0.6795227
44001,0.7907231,3.1819782,-1.9971881
44003,0.2341975,1.6824872,-0.8514049
44005,0.94134134,2.5614722,-1.9475808
44007,0.033976555,2.4168816,-1.3052957
44009,0.9804438,2.3916848,-1.5412927
45003,0.011750728,1.3654501,-0.62948936
45007,-0.23378964,1.164599,-0.27058935
45011,0.2848303,0.4483347,0.32327217
45013,0.45529783,2.2303903,-1.528002
45015,-0.12946513,1.7427204,-0.41777653
45019,0.09482294,2.590955,-1.7193956
45021,0.15305614,0.83877325,-0.16424662
45023,-0.02221483,0.67472386,0.69314116
45025,0.31749988,0.6710874,-0.091609776
45027,-0.0038626194,0.6323483,0.6544642
45029,0.8035112,1.0522166,0.9784433
45031,0.28599256,0.7219509,-0.3374015
45033,0.51217043,0.5145428,0.12132865
45035,0.007191345,1.903183,-0.3944621
45037,0.13936687,0.9670805,-0.20957744
45041,0.24999133,0.96742165,-0.65661293
45043,0.52521026,1.4313045,-0.34944516
45045,-0.27649248,2.1334891,-1.4418464
45047,0.7019255,0.93169975,-0.89294434
45049,0.8182773,1.055217,0.90014285
45051,-0.24245578,1.7598839,-1.1578596
45053,0.58622426,1.7824476,-0.6392734
45055,0.09031153,1.1036456,0.13974589
45057,0.48189312,1.4909458,-0.41792923
45059,0.09960678,0.75042963,-0.07809609
45063,0.018154025,1.5311313,-0.67048407
45067,0.411972,0.5352237,0.35797554
45069,0.701815,0.7559464,0.8273068
45071,-0.0071255565,0.6224601,0.2760728
45073,0.5772366,1.3609078,-0.8439252
45075,0.23194218,0.6859485,0.5466414
45077,-0.18505134,1.4602582,-0.52301496
45079,-0.869536,2.0362713,-1.2704829
45081,0.20420817,1.0026147,0.056000054
45083,-0.47352135,1.2994788,-0.5074456
45085,0.116307676,0.8898976,-0.4588493
45087,-0.032855093,0.56100154,0.35498327
45089,0.8225735,1.0306844,0.84875256
45091,-0.0151376575,1.720895,-0.67834723
46005,1.3681753,1.1642139,-1.9265602
46011,0.65951234,1.5258756,-1.8771598
46013,0.8792537,1.2468522,-1.7797246
46015,2.5038586,0.93085086,-1.9250951
46019,1.5598159,1.5672989,-1.2107146
46023,2.4372509,0.9483448,-2.0507302
46029,0.8878564,1.3095369,-1.798633
46035,1.1075501,1.2157124,-1.802066
46051,2.6123881,0.964844,-2.156572
46057,1.9998319,1.1415799,-1.2509153
46067,1.8383875,1.0765266,-1.6403925
46077,4.2174115,0.7948493,-1.8738375
46081,1.1490602,1.657942,-1.6699841
46083,0.8668013,1.8049576,-1.6579883
46085,3.4771233,0.7033882,-2.0085607
46087,2.1903234,1.3248489,-1.1623154
46093,0.5623181,0.9045669,-0.82419956
46099,0.6555284,1.6449473,-1.6851931
46103,0.40042704,1.6428106,-1.4101903
46109,1.4327433,1.2013419,-1.6884096
46121,1.4333985,1.2839389,-1.6873488
46123,2.5154805,0.90373015,-2.0644515
46125,1.4974251,1.6549041,-1.1734945
46127,0.9170702,1.1556001,-1.3357426
46129,2.5943222,1.3529742,-2.1493402
47001,0.44506752,1.8151023,-1.0585226
47003,0.15233564,1.2128048,-0.109309256
47005,0.7653639,1.0680524,-0.3760817
47009,0.3071344,2.0191224,-1.0989916
47011,0.3864364,1.7600853,-1.1352556
47013,0.43208688,1.2251173,-0.020687282
47017,0.4073829,0.97726834,-0.22024608
47019,0.28583503,1.1736524,-0.5460675
47021,0.08650911,1.4851928,0.21394306
47025,0.64222556,1.3722575,-0.49284148
47027,1.3308401,0.93435276,-0.36577073
47029,0.1566037,1.2369188,0.3133604
47031,0.5062184,1.4010689,-0.66018736
47033,0.6263662,0.85956216,-0.41750607
47035,0.32111955,1.7145503,-1.1019868
47037,-1.1001046,2.9940307,-1.9247193
47039,1.1323478,0.8682914,-0.3096795
47041,0.5713322,1.0139973,0.013105333
47043,0.114061266,1.6616316,-0.02801162
47045,0.8951834,1.170086,-1.1544741
47047,-0.050236538,1.841804,-0.0019530654
47049,0.55080307,1.1059153,-0.22943032
47051,0.22022751,1.3111436,-0.5196854
47053,0.6883066,0.86631966,-0.19256037
47055,0.10900313,1.067622,0.15393013
47057,0.31708676,1.5735188,-0.0666247
47059,0.6075942,1.5213432,-0.75943017
47061,0.28869614,1.222307,0.48731178
47063,0.35199928,1.1702789,-0.6038109
47065,0.15264738,2.3249505,-1.756824
47069,0.054214,0.9339299,0.5318096
47071,0.3843614,1.1962684,-0.42711127
47073,0.16550437,1.2703781,-0.24702585
47077,0.27898037,1.0687022,-0.18030936
47079,0.5424943,1.1093626,-0.8168206
47081,0.1151216,1.9418371,0.15427345
47085,0.2136485,1.6263437,0.15970224
47089,0.19712847,1.6009159,-0.37933162
47091,0.57751906,1.3810301,-0.63314486
47093,-0.39863807,2.451996,-1.7681313
47097,0.12328559,0.7942811,0.03825128
47099,0.32251376,1.1172394,-0.39523226
47101,0.70575726,1.8132613,-0.21680033
47103,-0.104019254,1.1729488,0.23180813
47105,0.49891317,1.5043759,-0.8445437
47107,0.4127633,1.4451201,-0.7380428
47113,0.28435355,1.5086515,-1.2172031
47115,-0.09595838,1.3429692,0.40351588
47117,0.03253153,1.3536115,-0.034778655
47119,0.18918404,2.0228832,-0.7120027
47121,0.43465108,1.349762,0.29158407
47123,0.76796734,1.0518742,-0.13824522
47125,-0.12147969,1.885823,-0.6938641
47129,0.32718825,1.8169837,0.025461733
47131,0.45657396,0.9636371,-0.8126973
47133,1.160728,1.0044565,-0.4921332
47139,0.48153263,1.7268081,-0.3200537
47141,0.5359529,1.5866847,-1.2864133
47143,0.29786813,1.3519726,-0.1604827
47145,0.22382236,1.5799203,-0.4484304
47147,0.23501244,1.7234638,-0.32469016
47149,-0.20963037,1.9669878,-0.70715725
47151,0.25883943,0.94748604,0.24939078
47155,0.74755925,1.9060128,-1.0563393
47157,-1.5962167,2.6204574,-1.8189902
47159,0.46178496,1.0280979,0.3278889
47163,0.17979199,1.6213536,-1.1225436
47165,0.029853106,2.1193519,-0.7535271
47167,-0.032774776,1.6213124,0.04216355
47171,0.6627623,1.6992767,-0.87471974
47177,-0.0047003776,1.0972024,-0.12615949
47179,0.38004357,1.8157678,-1.388937
47181,0.271,1.1180599,0.18832141
47183,0.30317283,0.7994319,-0.5748528
47185,0.41560864,0.94973874,-0.43790853
47187,0.42750692,2.9441745,-1.6044664
47189,0.22675061,2.297191,-0.8170906
48001,-0.044679835,0.7555747,-0.1281156
48005,0.28461903,0.7854605,-0.59255695
48013,-0.33218414,0.542609,0.6387438
48015,0.08861977,0.878294,0.19432014
48021,-0.52345204,0.9752984,0.945877
48027,-0.71380305,1.0186441,-0.34012657
48029,-4.3017178,2.3494303,-1.0568647
48031,0.37530762,0.3963039,0.6011433
48035,0.82494646,0.73578346,0.14446539
48037,0.40991324,0.75164855,-0.8212929
48039,-0.5185838,1.187336,0.22821718
48041,-0.8644987,1.289906,-1.0923291
48043,2.206847,0.28196347,-1.4556673
48049,0.46501094,0.8834963,-0.8850274
48051,0.1793867,0.85409796,0.3007154
48055,-0.28031653,0.5424824,1.1504436
48059,0.6329782,0.91762733,-0.20394593
48061,-0.97576064,0.6720723,-0.31023002
48071,-0.20385683,0.92958784,0.63708514
48073,-0.06380129,0.7501496,0.14518732
48081,3.3516483,-0.13326097,-0.46785694
48085,-1.165669,2.3313353,-1.0119942
48089,0.32133573,-0.022987485,0.7951154
48091,-0.50055414,1.0648973,0.40342492
48097,0.17834353,1.1690791,-0.35302722
48099,-0.29921082,0.52353835,0.15681452
48113,-5.370408,3.6328533,-2.060713
48121,-1.0869498,2.2768629,-0.966906
48127,1.2733765,0.21060038,0.959119
48133,0.4429711,0.5335655,0.07811582
48135,-0.30001736,0.91814995,-0.17764002
48139,-0.2699613,1.0562156,0.2846052
48141,-1.8283806,1.5815814,-0.7636708
48143,0.25739253,0.5893023,-0.42686152
48145,0.17859161,0.58451784,0.41681117
48147,-0.080628246,1.015681,0.43992418
48149,0.29635105,0.5290468,-0.13520187
48157,-1.1276417,1.7143395,-0.0074828267
48163,0.35653925,0.058986068,-0.14521718
48165,0.36801845,1.1806986,-0.3637135
48167,-0.5648631,1.3602438,-0.26174957
48171,0.254457,0.37212932,-0.11367643
48181,-0.117616534,1.13732,-0.27620876
48183,0.24571738,0.9335909,-0.66588557
48187,-0.39026138,0.9443836,0.2649613
48189,0.46046454,0.60190463,-0.5749515
48199,-0.09078184,0.82319045,0.42753416
48201,-10.885212,5.823044,-3.3522289
48203,0.36220735,0.8610542,-0.5506439
48209,-0.9833563,1.3339629,0.231381
48213,-0.102193266,1.1155789,0.07663149
48215,-2.0109887,1.1387306,-0.50707436
48217,0.0588091,0.8789129,0.54842347
48221,-0.046465546,1.0673406,0.50118035
48225,-0.07221836,0.33741415,0.6506414
48231,-0.36901438,0.96348965,0.49994844
48233,0.78210974,1.0181856,-0.940823
48239,0.2327537,0.11413789,0.58759815
48241,-0.01870504,0.83934975,0.1560157
48245,-0.20977958,0.938578,-0.67077625
48247,2.1684983,0.120030046,-0.60278344
48249,0.25158083,0.5612159,-0.045787036
48251,-0.50014067,1.0208104,0.50490874
48257,-0.40726152,1.3822248,0.5944199
48265,0.124433756,0.5615567,-0.29092932
48273,0.1668613,0.6552404,-0.51653004
48277,0.2112728,0.8798444,-0.77201533
48279,0.9990224,0.5698838,-1.0474141
48285,0.07064721,0.27251482,0.47104448
48287,0.07366091,0.8062997,0.6639064
48289,0.19408244,0.1537742,0.8466119
48291,-0.52352566,0.75692713,1.5960994
48293,-0.18008614,0.22546697,0.841953
48299,-0.16437167,0.11766267,1.0065386
48303,-0.5506747,1.5583,-1.5094709
48309,-0.489945,0.88310397,-0.5509659
48321,0.046072364,0.37422693,0.13828415
48323,-0.052788258,0.12908798,0.13442731
48325,-0.27041513,0.32624614,1.0507386
48329,-0.25599617,1.1280234,-0.64280695
48331,0.05036199,0.7825308,0.5799493
48339,-1.2435334,1.770428,-0.095490396
48341,0.8297892,0.3087238,-0.7126883
48343,1.031131,0.596923,-0.2137332
48347,0.25534773,1.0232662,-0.8459246
48349,-0.10238683,0.34864867,0.5170987
48355,-0.5595665,1.0498183,-0.62473404
48357,1.0696857,0.32938027,-0.559113
48361,0.13759932,0.8622458,-0.1849091
48363,-0.038707376,0.8675904,0.25545567
48365,-0.008998215,0.58129215,0.42678636
48367,-0.39851713,1.3556037,0.24245447
48369,1.4736838,0.99898696,-1.486934
48371,0.623846,0.60974026,-0.6354182
48373,-0.33170426,0.51616144,0.7196534
48375,0.14104208,0.9798398,-0.71798825
48381,0.1709919,1.3941882,-1.1159511
48395,0.42516834,0.7225435,-0.15689415
48397,0.15127233,1.759011,-0.007559955
48399,0.80576533,0.40309525,-0.013297021
48401,-0.21085516,0.7621386,0.16954058
48407,-0.3733657,1.1472368,1.2713022
48409,-0.009771809,0.5430279,-0.093078434
48419,0.40650928,0.68328834,-0.08800703
48423,0.043243483,1.244158,-0.70549756
48427,0.17329487,0.35504353,0.026104629
48439,-3.493175,2.9043705,-1.5144175
48441,0.16187632,1.0555512,-1.1545054
48449,0.3661251,0.73319125,-0.5911445
48451,-0.047138765,0.60147357,-0.41623333
48453,-2.6447737,2.6323378,-1.5223253
48459,-0.0543772,0.8820019,0.3960566
48465,0.027775317,0.26973796,-0.11602372
48467,-0.17669803,1.1855917,0.84941906
48469,-0.24329123,0.25699675,0.08348954
48471,-0.054706395,0.9452437,-0.15524793
48473,-0.108116806,1.3301451,0.2492277
48477,-0.08682379,0.3828417,0.08166754
48479,-0.45350963,0.798748,-0.36561957
48481,0.10615575,-0.2369461,0.82923096
48483,3.1568222,0.37370872,-0.95991796
48485,0.24750721,1.0292404,-1.3582633
48491,-0.7883651,1.5204518,-0.32587558
48493,-0.5067381,0.7042774,1.0970078
48495,1.6577487,0.4631009,-0.018130839
48497,-0.10737127,1.3221109,0.46678036
48499,-0.11079702,1.1074281,0.16517359
48505,0.7617471,0.23423463,0.033040583
49003,0.30669576,1.3040142,-0.81310964
49005,0.48160148,1.3453097,-1.3992612
49007,0.77024424,0.88893795,-0.9162887
49011,-0.022201896,1.6624346,-0.98660755
49013,1.0322595,1.0757573,-0.9863915
49015,1.5487275,0.74042046,-0.94490993
49017,3.5107388,0.8114425,-2.36185
49019,1.6170831,1.480489,-2.1129198
49021,0.5284098,1.434485,-1.5175927
49025,2.3028655,1.0434042,-1.9342935
49027,1.3048818,0.7458757,-1.1713765
49035,-1.1935585,2.2650197,-1.5379633
49039,0.4321488,0.8418305,-0.577379
49041,0.6426418,0.85416245,-1.042453
49043,1.7747471,3.4562323,-2.9246845
49045,-0.08545701,1.2573942,0.11972731
49049,-0.69957966,1.7894907,-1.0820231
49051,0.8625167,1.9765782,-1.5539867
49053,0.36591727,1.8358188,-1.6025512
49057,0.061802715,1.5378165,-0.8995102
50001,1.5791426,2.3052027,-1.8682141
50003,1.5653405,1.8382702,-1.8430427
50005,1.2455072,2.2856073,-1.5492449
50007,1.286483,2.4314666,-2.190982
50011,1.2425797,1.7880821,-1.0241737
50013,1.4405243,1.4394639,-0.45792305
50015,1.7678957,2.4512482,-1.7056541
50017,1.0509977,2.3966954,-1.4983728
50019,1.9048345,1.2438533,-0.66558427
50021,1.4463899,2.1049974,-1.7565033
50023,1.5148528,2.2049477,-1.7998569
50025,2.0673718,2.2455423,-2.1424408
50027,1.9360378,2.382005,-2.1344423
51001,1.0022962,0.95867217,-0.94577867
51003,0.6966882,2.066564,-1.5614849
51009,0.4404406,1.0242972,-0.38868397
51013,1.9268715,3.7555377,-1.3451304
51015,0.23579022,1.3254092,-0.6686144
51019,0.27317032,1.6889107,-0.69663185
51023,0.6137772,1.6049554,-0.9413452
51027,0.5163113,0.9413079,0.17562526
51031,0.3151453,1.0217794,-0.51260483
51033,-0.06954557,1.6133919,0.48184556
51035,0.23962846,1.1504381,-0.20385504
51041,0.12156555,1.991355,-0.9875671
51047,0.16915977,1.6616349,0.25192016
51051,0.5726396,1.2740715,-0.23880297
51053,0.4024498,1.1719724,0.13262087
51059,-0.25937098,3.297909,-1.8081274
51061,0.08302492,2.141962,-0.10689908
51063,0.8585512,1.8424044,-0.634861
51067,-0.0150830895,1.6037948,-0.21515083
51069,0.058187425,1.7669003,-0.14267796
51071,0.8531764,0.97808826,-0.11774653
51073,0.22168902,1.5218704,0.28111
51083,0.5938701,0.8507191,-0.2899267
51085,0.45381725,1.8592527,-0.842227
51087,0.40055066,2.065622,-1.5321999
51089,0.2380431,0.83434415,-0.1610381
51093,0.45864803,1.6469955,-0.43769768
51095,0.76212335,2.4350936,-1.4064252
51103,0.9731614,1.3148639,-0.5300349
51105,0.46221888,0.54925585,0.10998517
51107,0.41685015,2.685226,-1.2015973
51109,-0.10796502,1.4651918,0.49608666
51111,1.3331215,1.3359926,1.2821732
51113,0.6321339,1.189601,-0.143785
51117,0.32970113,0.9921076,-0.27599698
51119,0.66940975,1.4201624,0.124711275
51121,0.3352012,2.0033236,-1.8593223
51127,0.26138532,1.7128468,-0.035228252
51131,0.8250876,0.9452386,-0.41353208
51133,0.6972115,1.7592607,-0.28121525
51137,-0.31196555,1.5019972,0.6235065
51139,0.19342732,1.0469737,0.59384674
51143,0.100818545,1.2272741,-0.26811117
51145,0.077155024,1.4763749,0.14191228
51153,-0.14679824,2.1821308,-0.09367043
51155,0.35273844,1.1090778,-0.5581142
51161,0.5709797,1.5998673,-1.1879556
51163,0.50855714,1.1421032,-0.32994235
51165,0.25214827,0.99360824,-0.5955494
51169,0.4931996,0.8478762,0.13611346
51171,0.19678599,1.2116313,-0.12387079
51173,0.5312062,1.0508531,-0.71331024
51175,0.05306691,0.88775206,0.6289858
51177,0.053875327,1.8999543,0.2718174
51179,-0.006527975,2.1012702,-0.017172575
51185,0.23686749,0.85620093,0.004899919
51187,0.04322496,1.806942,0.3445539
51191,0.65577656,1.1615982,-0.6556926
51193,0.4000718,1.5706131,1.1547389
51195,0.7458072,1.1964853,-0.633987
51197,0.8380969,1.0357566,-0.561139
51199,0.5639109,1.6712561,-1.0899553
51510,1.8886652,3.7923677,-1.7520444
51520,1.2656622,0.907388,-1.2218784
51540,2.4201112,2.7363667,-3.129497
51550,0.10817379,1.8180754,-0.89444816
51570,0.6413843,0.7579018,-0.1631763
51590,1.8251393,0.6835251,-0.73600984
51595,2.3205402,0.4411888,-0.4232721
51600,3.156819,2.4256694,-2.086485
51610,2.929594,2.3445861,-1.892267
51630,1.5042734,2.6304276,-0.7642522
51640,1.8494177,0.7529746,-0.8720753
51650,0.46554136,1.3721225,-0.96193457
51660,1.3647518,1.2749512,-1.6971941
51670,1.0760949,1.2654111,-0.4279976
51680,0.56242776,1.4686356,-1.6165261
51683,1.3257554,1.6440468,-0.4753756
51690,1.5118711,0.4770037,-0.662741
51700,0.29771605,1.4462333,-0.93915135
51710,0.36114496,1.4675057,-0.9060732
51730,1.793191,0.8919848,0.28290015
51740,0.59524125,1.2596459,-0.6740759
51750,0.7470352,1.0462344,-1.1448914
51760,0.9295736,2.7453992,-1.9276876
51770,0.96831006,0.9772229,-1.0750929
51775,0.769195,1.3474519,-1.3134336
51790,1.3007421,1.2945435,-1.322434
51800,0.40202612,1.7394419,-0.45191136
51810,0.20559949,2.1674452,-1.5168662
51820,1.2214527,1.130539,-1.0742188
51830,1.4431164,2.2321274,-2.1649225
51840,1.0048504,1.2763603,-1.3085363
53001,1.2106996,0.3748021,-0.387463
53003,0.82251483,1.2092258,-1.5718837
53005,0.2923594,1.783684,-1.245923
53007,1.1393187,1.6473975,-1.5729755
53009,0.96948606,1.8763754,-1.7760086
53011,0.059685767,2.310162,-1.4041512
53015,0.3478145,1.6396484,-0.7389878
53017,1.0174346,1.5696702,-1.4554188
53019,2.6436303,0.7934203,-1.2800572
53021,0.62253755,0.8792393,-0.60045767
53025,1.1272888,1.11952,-1.1897496
53027,1.3866577,1.4829917,-1.1510082
53029,0.6865334,2.1481256,-1.2122794
53031,1.9916306,2.8651445,-2.6592817
53033,-2.2871892,4.13645,-2.5172803
53035,0.2802688,2.0777204,-0.87826526
53037,0.87203604,2.2399955,-1.6349342
53039,1.7343626,3.383157,-2.4304812
53041,0.7773077,1.4893107,-0.5363012
53043,1.7749863,1.465905,-1.0193594
53045,0.09015328,1.9320428,0.082876444
53047,1.8791697,0.88099146,-1.414224
53049,2.6488874,2.3824062,-2.3108456
53051,1.7409852,1.1544753,-0.46217036
53053,-0.5054158,2.493919,-0.93932396
53055,3.2914195,2.052877,-3.0182061
53057,0.6152933,1.9422953,-1.0432184
53061,-0.38056427,2.6493883,-1.0683101
53063,-0.18543708,2.030945,-1.4204543
53065,0.51677656,1.2779732,-0.18066853
53067,0.35870212,2.1742036,-1.2555166
53071,1.2289464,1.4535968,-1.9491701
53073,0.57577324,2.7017806,-2.1547391
53075,0.74228626,1.7146292,-1.8870335
53077,0.812728,1.2136186,-1.2028449
54001,0.42343938,0.6498352,0.42508858
54003,-0.0359343,1.361387,0.012485325
54005,0.2647475,0.7157204,0.7175018
54009,0.5247175,0.99917674,-0.41542023
54011,0.30666977,1.2539057,-0.94332284
54019,0.08855224,0.91728914,0.30282944
54023,0.7434883,0.63754404,-0.15536779
54025,0.17794505,1.0259714,-0.30535144
54029,0.93638223,1.6704113,-1.0481138
54033,0.8110338,0.98810685,-0.68780184
54037,-0.08865419,1.646522,0.4390673
54039,0.17685014,1.1719275,-0.8166761
54043,0.76600504,1.8872654,0.1929329
54045,0.49253982,0.48914623,0.35004514
54047,1.0203507,1.4634018,0.90503305
54049,0.27858448,1.1227759,-0.374091
54051,0.25991228,0.86226106,-0.25376773
54055,0.38205922,0.9437361,-0.4270273
54057,1.0884988,0.5768895,0.0062166452
54059,0.96233207,1.5734468,0.92910975
54061,0.13023639,1.6499555,-1.2484269
54063,0.13994813,1.0440557,0.8698626
54065,0.17225122,1.3018844,0.7428197
54067,0.16957027,0.7966,0.66008765
54069,0.8962961,1.1930457,-1.0038368
54075,1.861198,0.6378274,-0.7614013
54077,-0.10400462,0.7764932,0.5814945
54079,0.537067,1.439918,-0.5065214
54081,0.4612466,0.78229403,-0.3261562
54083,0.25217977,0.808949,-0.54049313
54097,0.03895116,0.7064272,0.29205948
54099,0.33007807,0.49046326,0.11735135
54103,1.1439178,0.6872134,0.10459715
54107,0.26399523,0.86271584,-0.6342865
54109,0.10563749,1.2988234,0.27399617
55003,1.728723,1.2239183,-1.6654911
55005,0.94168895,1.3802984,-1.2214439
55007,1.3306444,1.3379443,-1.0761287
55009,0.29068425,1.6911626,-1.456584
55011,1.2031388,1.5548851,-0.88282484
55013,0.4728974,1.129113,-0.13681799
55015,0.38853794,1.426903,-0.9679744
55017,0.29054075,1.3161633,-0.7305749
55019,0.7914072,1.4338949,-1.0866259
55021,0.3627172,1.4470952,-0.5776837
55023,0.8988306,1.077086,-0.75914943
55025,-0.43805295,2.497117,-1.9837306
55027,0.35676426,1.3232067,-0.68170965
55029,2.221627,1.6124609,-2.2106786
55031,0.6231852,1.4431701,-1.0619773
55033,0.4800747,1.3434272,-0.7905873
55035,0.4910305,1.7532485,-1.6786005
55039,0.45830864,1.5400457,-1.1695294
55043,1.1599643,1.0488641,-1.0395688
55045,0.8800319,1.2491994,-0.73805684
55047,0.51589,1.3105049,-0.65281653
55049,0.30331022,1.2146165,-0.26595873
55053,0.36578518,1.0760702,-0.31117916
55055,0.47622263,1.5036151,-0.795621
55057,0.8803038,1.9557714,-1.2740088
55059,0.3709613,1.5913985,-0.8403362
55061,0.53770083,1.2274289,-0.6406776
55063,0.47015685,1.947192,-1.7681844
55067,0.6751897,0.9327979,-0.5875851
55069,0.47872084,0.99003005,-0.6051105
55071,0.5493946,1.3831913,-1.1672322
55073,0.73582697,1.3747036,-1.3516665
55075,0.6286039,1.0256526,-0.8278228
55077,0.5392664,1.3564932,-0.2793293
55079,-1.0262952,2.2938166,-1.6436138
55081,0.46386784,1.1017376,-0.91190946
55083,0.21024993,1.0976982,-0.06568092
55085,0.8503261,1.1494063,-0.949056
55087,0.54084975,1.6761029,-1.3823223
55089,0.6989309,1.801743,-1.2796661
55093,0.84122294,2.7035336,-1.6014824
55095,0.92515105,1.4379373,-0.39861095
55097,0.49899924,1.7722421,-1.5150204
55099,1.098592,1.0785382,-0.7265275
55101,0.47935677,1.613904,-1.0106843
55103,0.55342245,1.122918,-0.5484834
55105,0.35468405,1.4990411,-0.88112026
55109,0.2793444,1.7356615,-0.68036693
55111,0.8234623,1.392055,-0.99206364
55113,0.78240854,1.4170573,-1.1089654
55115,0.50617045,0.97365034,-0.5887302
55117,0.58228713,1.4375908,-1.4385669
55121,0.9970735,1.5792453,-1.1508806
55123,0.6667648,1.15922,-0.6234584
55125,1.4287338,1.9547012,-1.9409649
55127,0.43546128,1.6051672,-0.9641542
55129,0.806307,1.4096129,-0.9887372
55131,0.26391977,1.5895889,-0.64139605
55133,0.21921861,1.978596,-1.3784618
55135,0.6498822,1.6875827,-0.97842073
55137,0.56513387,1.3480017,-0.28670228
55139,0.41920012,1.7239392,-1.5175295
55141,0.56454414,1.4620035,-1.1894395
56001,0.5826861,1.618748,-1.8604183
56003,1.3153827,1.5183456,-1.6440523
56005,0.37403208,1.4507465,-1.0565441
56007,1.6166999,1.3619368,-1.8679059
56011,2.1126542,1.231694,-1.1106852
56013,0.7962882,1.3001306,-1.4641422
56015,1.0522261,0.8526552,-1.3719244
56019,2.1557388,1.2350113,-1.911536
56021,0.3038066,1.4395814,-1.3755586
56023,1.5534294,3.3136022,-2.431881
56025,0.37516236,1.3026888,-1.1683979
56029,0.7795407,1.6285107,-1.7483575
56033,1.1735561,1.4348671,-1.8365698
56035,1.8489256,3.2675202,-2.566016
56037,0.40197074,1.3733222,-0.75091815
56039,2.9117258,3.3695881,-3.9070258
56045,2.171481,1.2232121,-0.62972
