county_fips,poverty_rate
01001,11.3
01003,10.1
01005,21.4
01007,22.5
01009,12.9
01011,33.3
01013,22.4
01015,17.9
01017,15.7
01019,14.8
01021,14.0
01023,16.5
01025,20.1
01027,17.6
01029,13.7
01031,16.7
01033,17.4
01035,27.8
01037,13.1
01039,19.2
01041,17.9
01043,15.3
01045,18.7
01047,31.0
01049,22.4
01051,10.3
01053,20.0
01055,16.9
01057,21.8
01059,19.1
01061,19.2
01063,40.1
01065,24.6
01067,18.3
01069,17.5
01071,17.3
01073,15.7
01075,18.0
01077,12.2
01079,13.3
01081,18.9
01083,10.0
01085,29.9
01087,24.3
01089,10.1
01091,21.9
01093,16.2
01095,16.6
01097,16.2
01099,20.1
01101,19.9
01103,13.5
01105,31.4
01107,20.0
01109,23.3
01111,19.9
01113,22.2
01115,11.4
01117,7.2
01119,26.5
01121,17.8
01123,16.3
01125,16.8
01127,18.5
01129,17.1
01131,28.2
01133,18.7
02013,13.2
02016,11.3
02020,8.9
02050,25.6
02060,9.3
02063,5.9
02066,8.7
02068,8.3
02070,19.5
02090,6.1
02100,5.4
02105,14.2
02110,8.9
02122,11.8
02130,8.7
02150,8.7
02158,32.4
02164,12.8
02170,10.0
02180,21.5
02185,11.1
02188,17.9
02195,7.0
02198,12.7
02220,7.5
02230,5.9
02240,12.7
02275,12.1
02282,11.9
02290,16.0
04001,30.5
04003,15.4
04005,16.8
04007,16.9
04009,17.3
04011,8.2
04012,17.5
04013,11.0
04015,16.1
04017,24.7
04019,14.3
04021,11.1
04023,20.2
04025,12.0
04027,15.6
05001,19.0
05003,22.1
05005,15.5
05007,7.6
05009,11.7
05011,19.9
05013,10.2
05015,17.2
05017,22.6
05019,21.6
05021,17.2
05023,13.9
05025,15.8
05027,21.1
05029,19.7
05031,20.1
05033,14.7
05035,21.0
05037,19.7
05039,13.9
05041,28.3
05043,22.4
05045,14.5
05047,18.0
05049,18.0
05051,15.8
05053,13.1
05055,17.4
05057,20.2
05059,15.1
05061,22.5
05063,20.4
05065,22.3
05067,21.7
05069,18.6
05071,19.8
05073,22.3
05075,20.1
05077,39.4
05079,15.4
05081,15.5
05083,13.9
05085,10.4
05087,14.1
05089,18.0
05091,24.6
05093,21.1
05095,20.6
05097,22.4
05099,20.3
05101,15.9
05103,18.9
05105,14.2
05107,29.3
05109,20.7
05111,20.1
05113,15.9
05115,16.9
05117,11.8
05119,16.7
05121,22.4
05123,28.5
05125,8.8
05127,18.7
05129,23.0
05131,16.0
05133,17.3
05135,16.5
05137,19.3
05139,19.5
05141,19.1
05143,14.6
05145,17.5
05147,24.1
05149,15.6
06001,9.2
06003,10.0
06005,8.2
06007,19.2
06009,13.0
06011,11.4
06013,8.4
06015,12.9
06017,8.0
06019,18.3
06021,16.0
06023,18.7
06025,19.5
06027,10.9
06029,19.1
06031,16.0
06033,17.0
06035,14.0
06037,13.7
06039,19.2
06041,8.3
06043,14.0
06045,15.4
06047,19.1
06049,17.9
06051,8.6
06053,12.7
06055,8.5
06057,11.0
06059,9.5
06061,6.8
06063,10.6
06065,10.6
06067,12.5
06069,6.7
06071,13.3
06073,10.3
06075,11.2
06077,12.4
06079,12.9
06081,6.7
06083,14.7
06085,7.1
06087,11.6
06089,13.3
06091,4.4
06093,16.4
06095,10.0
06097,8.9
06099,13.5
06101,14.4
06103,15.6
06105,20.7
06107,17.9
06109,10.4
06111,9.3
06113,16.7
06115,14.2
08001,9.8
08003,17.2
08005,8.6
08007,8.2
08009,24.6
08011,28.4
08013,11.2
08014,6.2
08015,8.3
08017,8.2
08019,6.4
08021,11.7
08023,21.0
08025,19.4
08027,12.7
08029,14.0
08031,11.2
08033,21.6
08035,3.8
08037,8.7
08039,5.3
08041,8.5
08043,13.3
08045,8.2
08047,11.2
08049,7.6
08051,11.3
08053,4.1
08055,17.3
08057,14.6
08059,6.7
08061,11.8
08063,9.8
08065,7.9
08067,11.7
08069,11.2
08071,18.7
08073,9.8
08075,15.8
08077,10.7
08079,10.0
08081,8.4
08083,13.3
08085,11.5
08087,14.3
08089,22.1
08091,4.3
08093,5.0
08095,16.8
08097,7.8
08099,18.2
08101,14.6
08103,8.5
08105,18.0
08107,5.2
08109,17.8
08111,21.3
08113,9.3
08115,13.0
08117,7.7
08119,7.6
08121,8.1
08123,9.6
08125,17.9
09110,10.3
09120,12.4
09130,6.8
09140,11.2
09150,7.5
09160,8.8
09170,11.4
09180,10.7
09190,7.5
10001,10.6
10003,10.1
10005,10.9
11001,15.4
12001,21.2
12003,11.8
12005,11.9
12007,16.8
12009,10.2
12011,12.2
12013,20.7
12015,9.0
12017,15.6
12019,9.2
12021,10.7
12023,16.7
12027,24.1
12029,20.9
12031,14.1
12033,14.7
12035,10.3
12037,16.5
12039,27.9
12041,11.5
12043,17.2
12045,12.5
12047,20.1
12049,25.3
12051,22.5
12053,11.7
12055,15.3
12057,12.7
12059,14.0
12061,11.1
12063,19.5
12065,21.0
12067,17.5
12069,8.9
12071,12.0
12073,18.7
12075,17.4
12077,17.5
12079,21.0
12081,9.8
12083,14.4
12085,11.3
12086,14.7
12087,10.6
12089,9.7
12091,9.3
12093,18.0
12095,13.0
12097,12.8
12099,11.3
12101,11.1
12103,11.5
12105,14.5
12107,23.4
12109,6.5
12111,12.3
12113,8.8
12115,8.6
12117,9.0
12119,9.7
12121,15.0
12123,17.3
12125,19.5
12127,11.8
12129,6.7
12131,12.5
12133,17.3
13001,22.5
13003,25.0
13005,24.5
13007,26.3
13009,21.7
13011,11.3
13013,9.6
13015,10.3
13017,25.2
13019,20.6
13021,24.7
13023,19.3
13025,17.1
13027,25.4
13029,6.7
13031,23.0
13033,18.3
13035,10.4
13037,22.8
13039,12.9
13043,16.3
13045,15.4
13047,9.9
13049,18.1
13051,14.3
13053,13.9
13055,21.2
13057,7.0
13059,26.0
13061,21.0
13063,17.9
13065,26.1
13067,8.7
13069,23.1
13071,22.9
13073,7.5
13075,17.7
13077,7.4
13079,11.6
13081,23.3
13083,8.2
13085,8.5
13087,22.0
13089,13.7
13091,21.5
13093,15.7
13095,25.0
13097,10.9
13099,23.6
13101,14.2
13103,6.8
13105,18.0
13107,25.7
13109,19.1
13111,13.7
13113,5.6
13115,16.0
13117,4.3
13119,19.5
13121,12.3
13123,16.0
13125,12.6
13127,16.1
13129,12.0
13131,20.3
13133,9.8
13135,10.8
13137,14.1
13139,11.8
13141,30.6
13143,15.4
13145,9.0
13147,11.9
13149,17.9
13151,9.2
13153,11.1
13155,22.4
13157,7.3
13159,16.0
13161,21.8
13163,16.9
13165,22.9
13167,24.2
13169,12.1
13171,9.6
13173,26.1
13175,22.6
13177,5.7
13179,15.3
13181,17.0
13183,17.3
13185,19.2
13187,14.1
13189,20.3
13191,23.0
13193,25.1
13195,17.2
13197,20.9
13199,18.9
13201,23.8
13205,23.4
13207,12.3
13209,20.6
13211,8.8
13213,14.4
13215,19.0
13217,12.3
13219,6.2
13221,11.6
13223,6.6
13225,17.3
13227,12.0
13229,13.8
13231,9.3
13233,16.4
13235,16.5
13237,17.6
13239,15.7
13241,13.1
13243,30.0
13245,20.0
13247,10.8
13249,13.9
13251,17.2
13253,20.1
13255,18.9
13257,15.8
13259,26.4
13261,23.7
13263,25.2
13265,20.4
13267,23.4
13269,32.1
13271,24.1
13273,33.3
13275,17.9
13277,20.8
13279,22.5
13281,13.3
13283,13.8
13285,16.9
13287,20.3
13289,18.2
13291,10.9
13293,19.3
13295,13.3
13297,11.9
13299,21.5
13301,21.4
13303,17.2
13305,21.3
13307,22.3
13309,32.7
13311,12.4
13313,14.8
13315,21.9
13317,17.8
13319,21.6
13321,24.0
15001,14.9
15003,9.2
15005,22.7
15007,9.1
15009,9.2
16001,8.3
16003,17.9
16005,12.3
16007,7.0
16009,12.9
16011,11.7
16013,6.6
16015,7.7
16017,11.1
16019,9.8
16021,13.6
16023,19.3
16025,5.9
16027,10.5
16029,9.2
16031,12.4
16033,11.7
16035,13.2
16037,15.8
16039,10.5
16041,7.9
16043,10.1
16045,12.0
16047,13.0
16049,11.1
16051,9.7
16053,12.6
16055,9.0
16057,17.6
16059,12.8
16061,15.3
16063,10.5
16065,24.5
16067,14.5
16069,12.2
16071,10.8
16073,12.2
16075,10.2
16077,9.5
16079,13.1
16081,9.1
16083,11.5
16085,11.7
16087,15.3
17001,12.8
17003,19.0
17005,10.9
17007,9.9
17009,9.2
17011,10.8
17013,6.3
17015,14.2
17017,11.1
17019,19.1
17021,10.2
17023,9.1
17025,17.5
17027,7.4
17029,18.7
17031,13.5
17033,12.1
17035,9.1
17037,14.8
17039,10.0
17041,8.5
17043,6.6
17045,12.0
17047,16.5
17049,10.1
17051,15.5
17053,12.4
17055,17.5
17057,13.2
17059,13.6
17061,14.3
17063,6.0
17065,12.1
17067,12.3
17069,11.0
17071,13.9
17073,8.9
17075,12.5
17077,21.0
17079,11.1
17081,13.5
17083,8.8
17085,7.8
17087,17.6
17089,7.9
17091,12.2
17093,5.4
17095,14.6
17097,8.3
17099,13.9
17101,14.5
17103,11.8
17105,10.5
17107,13.1
17109,17.2
17111,6.2
17113,12.9
17115,15.0
17117,13.1
17119,11.1
17121,15.4
17123,11.4
17125,14.8
17127,16.3
17129,10.1
17131,8.9
17133,5.0
17135,12.6
17137,13.4
17139,9.2
17141,8.4
17143,15.7
17145,16.9
17147,6.1
17149,14.8
17151,13.3
17153,25.0
17155,8.1
17157,14.6
17159,12.1
17161,15.5
17163,13.6
17165,18.9
17167,13.1
17169,20.8
17171,11.5
17173,9.2
17175,11.1
17177,13.9
17179,9.0
17181,20.2
17183,17.7
17185,16.7
17187,14.6
17189,7.5
17191,16.1
17193,16.4
17195,12.0
17197,7.3
17199,13.8
17201,15.6
17203,7.0
18001,11.2
18003,12.5
18005,10.5
18007,13.9
18009,16.2
18011,4.5
18013,7.8
18015,8.8
18017,13.2
18019,10.2
18021,11.7
18023,9.8
18025,22.9
18027,11.7
18029,7.6
18031,10.2
18033,9.5
18035,19.6
18037,11.0
18039,12.4
18041,17.9
18043,10.3
18045,12.4
18047,6.9
18049,15.3
18051,10.8
18053,19.8
18055,12.8
18057,4.4
18059,4.7
18061,7.2
18063,5.3
18065,13.6
18067,13.4
18069,9.9
18071,12.3
18073,8.4
18075,14.4
18077,12.3
18079,12.6
18081,7.4
18083,13.7
18085,9.8
18087,5.9
18089,14.3
18091,13.6
18093,12.2
18095,13.4
18097,15.3
18099,11.7
18101,16.3
18103,15.1
18105,19.7
18107,10.5
18109,9.3
18111,14.0
18113,9.2
18115,8.1
18117,13.4
18119,12.3
18121,16.2
18123,15.0
18125,10.7
18127,9.6
18129,10.1
18131,12.1
18133,8.7
18135,15.8
18137,10.1
18139,11.9
18141,14.2
18143,16.6
18145,13.0
18147,7.5
18149,13.4
18151,9.3
18153,13.9
18155,12.6
18157,19.2
18159,11.2
18161,8.5
18163,14.3
18165,15.3
18167,19.2
18169,11.1
18171,11.0
18173,7.0
18175,14.4
18177,17.9
18179,7.2
18181,10.2
18183,9.9
19001,9.5
19003,9.1
19005,10.1
19007,17.5
19009,11.8
19011,7.4
19013,14.9
19015,6.2
19017,7.3
19019,8.6
19021,7.8
19023,9.2
19025,9.3
19027,7.9
19029,14.3
19031,7.3
19033,10.6
19035,12.1
19037,8.8
19039,9.7
19041,11.4
19043,10.9
19045,13.2
19047,14.8
19049,6.3
19051,7.2
19053,14.6
19055,7.8
19057,12.8
19059,7.6
19061,9.7
19063,9.9
19065,12.0
19067,11.6
19069,13.6
19071,7.7
19073,9.8
19075,6.5
19077,9.9
19079,7.4
19081,12.2
19083,9.7
19085,7.1
19087,12.0
19089,8.9
19091,12.9
19093,11.3
19095,8.9
19097,9.7
19099,8.3
19101,15.2
19103,17.1
19105,12.0
19107,12.1
19109,8.2
19111,13.1
19113,9.4
19115,9.8
19117,14.9
19119,5.3
19121,7.0
19123,12.6
19125,8.2
19127,11.2
19129,8.2
19131,9.5
19133,10.6
19135,9.2
19137,15.3
19139,13.7
19141,13.3
19143,16.0
19145,13.8
19147,11.6
19149,6.9
19151,10.3
19153,10.3
19155,12.1
19157,10.7
19159,8.8
19161,9.2
19163,11.5
19165,7.6
19167,6.7
19169,18.2
19171,14.8
19173,11.0
19175,12.4
19177,15.1
19179,15.8
19181,5.1
19183,8.2
19185,10.1
19187,12.9
19189,11.2
19191,8.4
19193,14.0
19195,8.2
19197,16.8
20001,9.9
20003,11.0
20005,13.0
20007,11.8
20009,15.4
20011,13.6
20013,13.8
20015,8.5
20017,8.4
20019,14.9
20021,14.1
20023,17.0
20025,9.9
20027,13.4
20029,10.0
20031,10.7
20033,9.2
20035,14.3
20037,20.6
20039,12.7
20041,8.1
20043,9.6
20045,14.7
20047,18.9
20049,10.4
20051,18.3
20053,10.4
20055,11.1
20057,14.0
20059,8.7
20061,18.0
20063,5.1
20065,14.8
20067,9.3
20069,8.5
20071,7.1
20073,13.9
20075,7.0
20077,17.3
20079,8.2
20081,11.2
20083,6.3
20085,6.1
20087,5.6
20089,10.6
20091,5.4
20093,4.5
20095,10.3
20097,5.9
20099,16.0
20101,7.0
20103,8.8
20105,11.3
20107,8.4
20109,15.0
20111,14.6
20113,9.5
20115,9.2
20117,11.3
20119,11.0
20121,7.9
20123,12.2
20125,15.9
20127,12.1
20129,14.8
20131,9.3
20133,13.1
20135,11.2
20137,7.2
20139,9.7
20141,8.4
20143,10.4
20145,11.5
20147,15.4
20149,6.7
20151,12.3
20153,6.8
20155,12.5
20157,10.6
20159,7.7
20161,19.9
20163,5.5
20165,11.1
20167,14.7
20169,11.9
20171,6.5
20173,13.9
20175,12.2
20177,12.7
20179,8.9
20181,10.2
20183,7.3
20185,10.5
20187,1.5
20189,14.2
20191,10.6
20193,6.5
20195,5.5
20197,8.5
20199,12.3
20201,9.3
20203,16.5
20205,15.5
20207,12.4
20209,15.8
21001,18.4
21003,13.5
21005,11.5
21007,15.0
21009,19.4
21011,25.3
21013,28.8
21015,6.3
21017,14.2
21019,16.9
21021,15.6
21023,19.5
21025,33.1
21027,21.4
21029,9.7
21031,20.5
21033,15.1
21035,17.2
21037,11.1
21039,15.1
21041,23.1
21043,19.2
21045,21.7
21047,17.1
21049,14.6
21051,32.4
21053,17.5
21055,17.7
21057,24.8
21059,14.7
21061,15.3
21063,25.1
21065,20.7
21067,14.9
21069,21.2
21071,28.0
21073,13.6
21075,22.6
21077,13.8
21079,15.9
21081,11.7
21083,19.9
21085,20.1
21087,20.4
21089,15.4
21091,16.2
21093,13.1
21095,27.4
21097,17.1
21099,19.3
21101,14.6
21103,16.4
21105,20.5
21107,20.0
21109,19.5
21111,14.3
21113,11.3
21115,22.8
21117,11.8
21119,23.3
21121,36.9
21123,17.9
21125,20.5
21127,21.8
21129,27.4
21131,30.3
21133,24.4
21135,22.0
21137,16.3
21139,19.3
21141,16.8
21143,9.5
21145,15.2
21147,38.9
21149,9.5
21151,15.1
21153,38.2
21155,17.0
21157,12.3
21159,33.2
21161,18.8
21163,12.2
21165,26.9
21167,10.7
21169,27.5
21171,22.1
21173,15.4
21175,17.1
21177,18.4
21179,10.8
21181,17.6
21183,12.5
21185,4.3
21187,18.3
21189,36.1
21191,15.9
21193,26.8
21195,24.4
21197,22.5
21199,19.7
21201,21.1
21203,25.6
21205,24.2
21207,23.1
21209,10.6
21211,9.7
21213,15.5
21215,9.8
21217,17.5
21219,20.9
21221,20.6
21223,13.3
21225,18.4
21227,17.0
21229,12.7
21231,24.8
21233,13.5
21235,26.3
21237,37.7
21239,10.5
22001,25.0
22003,23.1
22005,10.3
22007,15.3
22009,27.8
22011,14.3
22013,29.2
22015,15.9
22017,22.4
22019,17.4
22021,29.8
22023,7.4
22025,24.3
22027,32.0
22029,31.8
22031,21.5
22033,19.6
22035,35.2
22037,16.2
22039,24.3
22041,24.1
22043,17.0
22045,22.8
22047,19.9
22049,22.3
22051,16.6
22053,14.6
22055,17.1
22057,17.0
22059,16.0
22061,31.2
22063,12.9
22065,34.5
22067,29.3
22069,25.4
22071,22.6
22073,23.2
22075,12.9
22077,16.5
22079,19.9
22081,25.8
22083,24.0
22085,23.7
22087,23.0
22089,11.7
22091,32.4
22093,11.1
22095,14.4
22097,26.8
22099,15.3
22101,20.8
22103,11.4
22105,19.2
22107,34.4
22109,16.0
22111,29.4
22113,20.2
22115,19.0
22117,24.3
22119,23.1
22121,12.9
22123,16.2
22125,11.8
22127,24.3
23001,14.4
23003,14.4
23005,7.3
23007,12.2
23009,9.9
23011,11.6
23013,8.2
23015,7.9
23017,13.8
23019,14.1
23021,15.5
23023,10.0
23025,14.2
23027,12.0
23029,17.1
23031,7.7
24001,16.9
24003,5.6
24005,9.8
24009,3.9
24011,12.2
24013,5.2
24015,10.8
24017,6.9
24019,17.1
24021,6.0
24023,11.2
24025,7.1
24027,5.2
24029,9.7
24031,7.5
24033,10.8
24035,6.4
24037,8.0
24039,16.4
24041,9.3
24043,12.4
24045,13.9
24047,9.9
24510,19.7
25001,7.7
25003,11.4
25005,11.3
25007,4.4
25009,9.4
25011,12.1
25013,16.3
25015,11.3
25017,7.7
25019,3.2
25021,6.7
25023,7.1
25025,16.2
25027,10.3
26001,12.3
26003,10.4
26005,8.4
26007,18.0
26009,9.9
26011,11.7
26013,15.2
26015,8.4
26017,13.2
26019,9.7
26021,15.1
26023,16.4
26025,13.9
26027,11.9
26029,8.7
26031,12.4
26033,14.0
26035,21.6
26037,9.7
26039,14.7
26041,12.7
26043,10.5
26045,8.3
26047,8.5
26049,16.4
26051,14.9
26053,14.4
26055,9.6
26057,14.0
26059,14.4
26061,16.5
26063,12.6
26065,16.7
26067,10.6
26069,17.7
26071,17.0
26073,21.9
26075,11.6
26077,12.7
26079,12.2
26081,10.1
26083,15.2
26085,20.5
26087,9.7
26089,6.5
26091,10.7
26093,5.1
26095,16.7
26097,16.1
26099,10.4
26101,12.7
26103,14.0
26105,14.1
26107,19.9
26109,12.2
26111,10.7
26113,11.3
26115,10.5
26117,12.6
26119,18.2
26121,14.1
26123,12.8
26125,7.7
26127,13.6
26129,16.7
26131,12.5
26133,15.8
26135,17.2
26137,8.0
26139,8.3
26141,14.0
26143,15.5
26145,18.2
26147,11.3
26149,11.4
26151,15.3
26153,14.1
26155,12.0
26157,12.8
26159,14.3
26161,14.2
26163,20.8
26165,13.9
27001,13.1
27003,7.0
27005,12.9
27007,16.1
27009,9.9
27011,12.9
27013,15.7
27015,8.5
27017,11.9
27019,4.4
27021,12.8
27023,14.5
27025,6.0
27027,13.3
27029,12.6
27031,10.2
27033,15.0
27035,9.9
27037,5.8
27039,7.0
27041,9.0
27043,10.4
27045,8.4
27047,10.6
27049,9.3
27051,11.6
27053,10.0
27055,6.6
27057,10.8
27059,7.5
27061,12.2
27063,8.6
27065,10.0
27067,9.1
27069,9.1
27071,10.9
27073,8.1
27075,8.6
27077,6.4
27079,6.4
27081,11.9
27083,12.2
27085,8.7
27087,18.3
27089,8.3
27091,13.1
27093,9.1
27095,10.4
27097,11.0
27099,10.4
27101,9.3
27103,8.0
27105,14.0
27107,10.1
27109,7.5
27111,8.7
27113,10.5
27115,11.1
27117,10.5
27119,11.9
27121,9.4
27123,12.3
27125,7.2
27127,13.3
27129,11.0
27131,10.2
27133,10.6
27135,12.2
27137,13.2
27139,4.6
27141,5.1
27143,9.0
27145,12.9
27147,8.3
27149,11.1
27151,12.0
27153,11.5
27155,11.3
27157,7.1
27159,12.5
27161,7.5
27163,5.1
27165,13.2
27167,14.1
27169,14.8
27171,5.2
27173,8.6
28001,27.0
28003,15.8
28005,27.6
28007,18.0
28009,21.5
28011,32.6
28013,20.4
28015,17.9
28017,23.5
28019,18.4
28021,30.7
28023,17.4
28025,20.9
28027,35.5
28029,23.0
28031,19.8
28033,9.7
28035,21.0
28037,25.4
28039,18.3
28041,18.3
28043,24.6
28045,13.8
28047,17.1
28049,22.7
28051,36.4
28053,27.0
28055,16.2
28057,15.5
28059,13.8
28061,19.4
28063,32.5
28065,28.7
28067,18.7
28069,24.8
28071,18.5
28073,14.7
28075,26.3
28077,23.7
28079,20.5
28081,14.6
28083,31.5
28085,21.2
28087,17.3
28089,11.2
28091,19.7
28093,23.0
28095,18.0
28097,25.2
28099,23.1
28101,24.7
28103,26.3
28105,25.5
28107,23.3
28109,16.5
28111,18.4
28113,27.1
28115,16.7
28117,16.8
28119,29.6
28121,9.8
28123,22.2
28125,30.9
28127,20.0
28129,17.0
28131,16.9
28133,28.9
28135,24.6
28137,16.9
28139,18.9
28141,18.0
28143,31.1
28145,15.1
28147,18.8
28149,19.5
28151,26.4
28153,22.8
28155,16.4
28157,27.4
28159,26.9
28161,21.5
28163,30.8
29001,22.0
29003,6.2
29005,11.6
29007,17.8
29009,15.2
29011,20.2
29013,15.9
29015,19.9
29017,13.6
29019,16.6
29021,16.0
29023,20.5
29025,10.3
29027,11.6
29029,12.6
29031,13.9
29033,13.7
29035,20.8
29037,6.2
29039,17.0
29041,8.8
29043,8.2
29045,11.2
29047,8.5
29049,12.3
29051,9.0
29053,11.7
29055,14.1
29057,12.6
29059,20.5
29061,11.4
29063,8.7
29065,12.2
29067,17.5
29069,22.0
29071,8.2
29073,12.6
29075,17.9
29077,13.6
29079,17.6
29081,19.6
29083,14.3
29085,19.8
29087,10.2
29089,12.0
29091,20.3
29093,19.3
29095,14.1
29097,17.0
29099,9.0
29101,11.8
29103,11.9
29105,18.2
29107,9.3
29109,14.5
29111,12.7
29113,10.2
29115,13.7
29117,11.9
29119,16.8
29121,9.5
29123,13.2
29125,13.5
29127,14.2
29129,13.5
29131,14.4
29133,19.0
29135,10.3
29137,14.2
29139,13.9
29141,18.3
29143,17.7
29145,13.5
29147,17.1
29149,23.6
29151,8.6
29153,21.5
29155,29.6
29157,13.9
29159,15.6
29161,16.8
29163,16.0
29165,7.0
29167,16.3
29169,12.7
29171,15.5
29173,11.4
29175,13.9
29177,12.6
29179,17.3
29181,24.8
29183,5.2
29185,14.7
29186,8.2
29187,15.9
29189,9.8
29195,16.4
29197,8.6
29199,7.3
29201,12.8
29203,18.0
29205,15.9
29207,15.1
29209,13.9
29211,13.7
29213,15.6
29215,19.8
29217,18.8
29219,8.0
29221,17.4
29223,25.7
29225,15.2
29227,20.6
29229,18.7
29510,20.6
30001,11.4
30003,22.1
30005,18.3
30007,12.7
30009,7.8
30011,15.4
30013,13.1
30015,11.2
30017,11.3
30019,12.9
30021,8.7
30023,16.3
30025,11.4
30027,15.1
30029,9.3
30031,9.5
30033,13.4
30035,31.1
30037,17.0
30039,10.2
30041,20.7
30043,5.7
30045,13.3
30047,17.2
30049,8.1
30051,25.8
30053,15.4
30055,5.0
30057,6.2
30059,12.4
30061,13.5
30063,10.1
30065,17.0
30067,12.3
30069,8.1
30071,10.5
30073,21.9
30075,8.1
30077,5.6
30079,20.6
30081,8.8
30083,6.6
30085,30.4
30087,24.5
30089,15.4
30091,10.4
30093,14.8
30095,8.3
30097,7.9
30099,13.4
30101,12.6
30103,12.3
30105,10.1
30107,23.0
30109,15.8
30111,9.2
31001,12.7
31003,9.2
31005,7.2
31007,7.7
31009,9.0
31011,9.6
31013,10.8
31015,9.7
31017,13.4
31019,9.9
31021,13.2
31023,9.7
31025,5.2
31027,7.1
31029,7.5
31031,8.3
31033,14.3
31035,6.9
31037,6.9
31039,6.7
31041,7.1
31043,11.5
31045,13.1
31047,10.8
31049,9.4
31051,7.3
31053,11.0
31055,11.8
31057,14.0
31059,8.8
31061,12.3
31063,11.4
31065,13.0
31067,12.6
31069,16.5
31071,8.8
31073,10.3
31075,12.2
31077,13.1
31079,14.1
31081,5.2
31083,6.7
31085,12.7
31087,12.8
31089,11.7
31091,6.2
31093,4.8
31095,10.1
31097,9.7
31099,7.2
31101,10.4
31103,7.2
31105,12.2
31107,13.7
31109,11.9
31111,12.4
31113,5.6
31115,6.9
31117,12.2
31119,13.1
31121,7.9
31123,13.9
31125,16.6
31127,13.3
31129,5.7
31131,9.1
31133,13.5
31135,7.2
31137,12.2
31139,7.6
31141,9.8
31143,7.9
31145,14.0
31147,10.5
31149,10.8
31151,8.9
31153,5.6
31155,6.3
31157,12.9
31159,7.4
31161,11.3
31163,8.6
31165,14.9
31167,9.4
31169,9.0
31171,8.9
31173,13.9
31175,9.3
31177,6.4
31179,13.2
31181,9.6
31183,5.2
31185,9.2
32001,8.1
32003,13.0
32005,9.0
32007,9.8
32009,12.4
32011,24.9
32013,10.6
32015,10.7
32017,5.0
32019,11.7
32021,18.5
32023,14.1
32027,11.8
32029,7.1
32031,10.7
32033,8.2
32510,10.3
33001,8.5
33003,7.6
33005,8.7
33007,13.2
33009,10.4
33011,6.7
33013,7.6
33015,4.8
33017,8.7
33019,10.1
34001,13.2
34003,6.8
34005,6.6
34007,12.4
34009,8.7
34011,15.6
34013,14.6
34015,7.7
34017,14.9
34019,4.0
34021,10.3
34023,8.6
34025,6.5
34027,4.9
34029,10.5
34031,13.0
34033,12.7
34035,5.4
34037,5.5
34039,9.2
34041,8.3
35001,15.2
35003,24.8
35005,24.3
35006,28.4
35007,18.2
35009,20.5
35011,15.5
35013,21.3
35015,13.8
35017,19.5
35019,25.5
35021,19.4
35023,23.1
35025,18.7
35027,19.3
35028,3.5
35029,28.6
35031,33.2
35033,21.4
35035,19.3
35037,27.1
35039,18.2
35041,21.8
35043,10.0
35045,23.1
35047,24.4
35049,12.0
35051,21.4
35053,33.2
35055,15.5
35057,18.3
35059,16.6
35061,18.1
36001,13.0
36003,16.2
36005,27.8
36007,18.5
36009,19.1
36011,13.5
36013,17.4
36015,16.3
36017,11.8
36019,13.7
36021,12.1
36023,12.8
36025,14.4
36027,8.4
36029,13.9
36031,11.2
36033,18.2
36035,13.1
36037,10.6
36039,9.9
36041,10.6
36043,13.4
36045,13.7
36047,19.1
36049,12.3
36051,11.1
36053,10.0
36055,13.6
36057,14.6
36059,5.4
36061,16.5
36063,13.5
36065,15.5
36067,13.8
36069,9.0
36071,12.6
36073,12.7
36075,16.3
36077,12.5
36079,7.1
36081,12.9
36083,11.8
36085,11.5
36087,16.2
36089,16.9
36091,7.1
36093,13.3
36095,11.7
36097,14.8
36099,13.5
36101,13.8
36103,6.4
36105,15.9
36107,13.4
36109,16.4
36111,14.6
36113,10.5
36115,10.7
36117,11.4
36119,9.0
36121,11.1
36123,12.7
37001,13.4
37003,12.6
37005,16.0
37007,21.7
37009,13.5
37011,10.2
37013,17.8
37015,16.1
37017,22.0
37019,9.2
37021,11.8
37023,15.6
37025,9.3
37027,13.4
37029,6.1
37031,10.1
37033,18.6
37035,12.7
37037,11.0
37039,12.4
37041,19.1
37043,12.9
37045,16.6
37047,18.2
37049,13.7
37051,16.7
37053,7.5
37055,6.6
37057,12.8
37059,9.4
37061,20.5
37063,11.5
37065,21.7
37067,14.5
37069,11.1
37071,13.5
37073,9.4
37075,6.7
37077,15.2
37079,21.0
37081,14.6
37083,22.8
37085,13.7
37087,13.1
37089,11.6
37091,22.9
37093,17.1
37095,22.2
37097,10.0
37099,18.0
37101,10.6
37103,18.4
37105,16.5
37107,22.0
37109,11.2
37111,14.8
37113,11.6
37115,12.1
37117,20.4
37119,10.4
37121,12.9
37123,15.4
37125,10.1
37127,11.8
37129,12.3
37131,21.1
37133,11.6
37135,12.5
37137,15.2
37139,11.0
37141,9.7
37143,9.8
37145,17.5
37147,19.8
37149,14.0
37151,14.5
37153,25.2
37155,27.2
37157,16.3
37159,16.0
37161,16.8
37163,21.8
37165,25.8
37167,15.2
37169,11.2
37171,16.8
37173,19.1
37175,13.2
37177,18.7
37179,7.7
37181,19.8
37183,8.1
37185,21.1
37187,24.1
37189,25.5
37191,17.3
37193,16.7
37195,19.8
37197,14.0
37199,15.2
38001,14.8
38003,12.1
38005,25.6
38007,10.8
38009,7.6
38011,13.4
38013,5.9
38015,7.9
38017,11.0
38019,8.5
38021,11.8
38023,9.3
38025,7.4
38027,14.2
38029,9.1
38031,8.8
38033,19.8
38035,13.2
38037,16.6
38039,11.7
38041,11.0
38043,10.2
38045,8.7
38047,12.4
38049,9.7
38051,12.2
38053,12.0
38055,8.9
38057,9.7
38059,8.0
38061,14.5
38063,7.2
38065,5.2
38067,9.2
38069,10.8
38071,15.2
38073,10.4
38075,9.1
38077,9.7
38079,24.3
38081,6.9
38083,10.1
38085,43.3
38087,5.0
38089,12.1
38091,12.9
38093,12.6
38095,8.5
38097,9.1
38099,11.2
38101,8.6
38103,9.1
38105,8.6
39001,20.2
39003,13.3
39005,13.3
39007,17.6
39009,21.5
39011,7.1
39013,15.8
39015,19.6
39017,11.8
39019,12.9
39021,8.0
39023,15.2
39025,9.1
39027,12.9
39029,15.2
39031,18.5
39033,11.8
39035,16.1
39037,11.0
39039,10.5
39041,4.7
39043,13.0
39045,8.0
39047,15.5
39049,14.7
39051,9.4
39053,16.4
39055,5.6
39057,9.8
39059,15.3
39061,15.0
39063,9.9
39065,17.3
39067,13.1
39069,8.7
39071,14.1
39073,16.0
39075,9.3
39077,13.2
39079,18.5
39081,16.5
39083,11.6
39085,8.3
39087,17.7
39089,10.2
39091,11.1
39093,12.1
39095,17.7
39097,8.5
39099,18.9
39101,16.6
39103,6.3
39105,21.8
39107,7.3
39109,9.4
39111,15.2
39113,15.0
39115,12.9
39117,12.8
39119,15.1
39121,10.6
39123,8.4
39125,8.9
39127,14.7
39129,11.5
39131,21.3
39133,11.7
39135,12.6
39137,5.5
39139,13.8
39141,15.7
39143,15.0
39145,21.8
39147,11.9
39149,11.6
39151,12.5
39153,12.8
39155,16.6
39157,13.4
39159,5.0
39161,9.0
39163,17.3
39165,6.0
39167,13.7
39169,9.4
39171,12.7
39173,12.2
39175,8.8
40001,21.5
40003,16.5
40005,17.3
40007,13.3
40009,21.7
40011,17.4
40013,16.6
40015,18.3
40017,8.0
40019,16.2
40021,18.2
40023,23.2
40025,7.4
40027,12.9
40029,20.8
40031,18.1
40033,20.5
40035,19.0
40037,14.5
40039,16.4
40041,19.0
40043,14.1
40045,13.0
40047,12.5
40049,17.0
40051,12.2
40053,17.5
40055,16.9
40057,22.7
40059,13.1
40061,20.8
40063,20.2
40065,16.2
40067,23.1
40069,22.9
40071,16.0
40073,12.8
40075,22.9
40077,20.7
40079,19.4
40081,17.3
40083,11.6
40085,15.0
40087,8.5
40089,21.2
40091,21.1
40093,11.0
40095,16.1
40097,16.2
40099,12.7
40101,19.1
40103,12.9
40105,17.2
40107,25.8
40109,16.0
40111,18.0
40113,13.1
40115,20.9
40117,18.2
40119,22.6
40121,17.7
40123,12.6
40125,15.9
40127,20.7
40129,14.7
40131,8.9
40133,21.7
40135,20.2
40137,18.0
40139,15.7
40141,21.0
40143,14.7
40145,9.2
40147,16.1
40149,14.1
40151,19.9
40153,14.0
41001,14.9
41003,18.2
41005,7.7
41007,12.3
41009,8.9
41011,16.1
41013,11.3
41015,15.2
41017,8.8
41019,16.3
41021,15.3
41023,12.8
41025,13.7
41027,8.0
41029,12.4
41031,13.4
41033,15.6
41035,18.3
41037,14.9
41039,15.3
41041,15.9
41043,13.0
41045,17.6
41047,13.0
41049,13.2
41051,12.6
41053,12.7
41055,22.0
41057,12.7
41059,11.8
41061,16.1
41063,7.8
41065,11.6
41067,8.1
41069,10.8
41071,10.3
42001,8.2
42003,11.5
42005,11.8
42007,9.9
42009,11.6
42011,12.2
42013,12.0
42015,12.6
42017,6.1
42019,8.1
42021,14.2
42023,13.5
42025,12.3
42027,16.3
42029,6.0
42031,13.1
42033,14.6
42035,14.8
42037,13.7
42039,14.3
42041,7.5
42043,12.9
42045,10.2
42047,8.7
42049,15.0
42051,16.8
42053,11.9
42055,8.5
42057,11.2
42059,13.5
42061,10.6
42063,14.0
42065,14.1
42067,9.7
42069,14.4
42071,8.2
42073,11.9
42075,10.1
42077,11.6
42079,15.3
42081,12.8
42083,13.7
42085,13.2
42087,16.2
42089,10.7
42091,6.5
42093,8.8
42095,8.8
42097,12.6
42099,8.0
42101,21.4
42103,9.8
42105,13.0
42107,12.8
42109,9.4
42111,11.0
42113,11.6
42115,11.4
42117,11.7
42119,9.0
42121,13.2
42123,10.8
42125,9.6
42127,12.1
42129,10.3
42131,11.5
42133,8.4
44001,6.5
44003,7.5
44005,8.5
44007,13.4
44009,8.2
45001,15.7
45003,14.3
45005,28.2
45007,14.6
45009,24.3
45011,25.0
45013,9.6
45015,9.9
45017,12.9
45019,11.3
45021,18.4
45023,18.7
45025,20.3
45027,15.4
45029,19.6
45031,21.1
45033,27.7
45035,11.4
45037,17.8
45039,15.6
45041,18.7
45043,15.0
45045,10.8
45047,15.1
45049,20.7
45051,13.2
45053,17.8
45055,13.2
45057,11.4
45059,18.1
45061,25.0
45063,11.1
45065,17.6
45067,30.0
45069,28.5
45071,17.4
45073,17.6
45075,22.4
45077,17.2
45079,17.2
45081,18.7
45083,14.5
45085,16.6
45087,22.6
45089,23.3
45091,8.4
46003,10.6
46005,13.6
46007,29.9
46009,10.6
46011,13.2
46013,11.7
46015,10.7
46017,33.9
46019,8.6
46021,7.7
46023,24.0
46025,10.9
46027,19.7
46029,8.8
46031,44.2
46033,9.0
46035,11.2
46037,14.8
46039,8.8
46041,33.0
46043,11.0
46045,9.9
46047,16.6
46049,28.3
46051,11.6
46053,9.5
46055,7.7
46057,6.9
46059,5.2
46061,7.0
46063,6.3
46065,9.2
46067,12.2
46069,5.7
46071,42.4
46073,8.3
46075,18.3
46077,10.6
46079,8.4
46081,11.6
46083,5.6
46085,23.7
46087,6.8
46089,12.9
46091,6.1
46093,7.1
46095,41.7
46097,11.2
46099,8.8
46101,11.6
46102,57.6
46103,11.2
46105,13.7
46107,6.2
46109,15.7
46111,8.5
46115,10.1
46117,5.1
46119,6.3
46121,48.4
46123,18.4
46125,9.3
46127,6.2
46129,14.9
46135,11.9
46137,33.5
47001,13.4
47003,12.6
47005,17.8
47007,20.7
47009,8.4
47011,12.7
47013,18.5
47015,18.3
47017,17.0
47019,17.1
47021,7.7
47023,16.1
47025,17.4
47027,24.2
47029,21.9
47031,17.4
47033,14.5
47035,14.4
47037,13.9
47039,22.1
47041,18.6
47043,10.9
47045,16.3
47047,10.3
47049,21.0
47051,12.0
47053,13.7
47055,12.8
47057,17.1
47059,15.4
47061,18.9
47063,18.4
47065,13.1
47067,32.2
47069,19.0
47071,21.5
47073,15.2
47075,21.5
47077,16.9
47079,18.3
47081,10.6
47083,11.1
47085,14.8
47087,20.3
47089,11.4
47091,21.4
47093,12.2
47095,32.2
47097,21.0
47099,15.0
47101,16.7
47103,12.9
47105,12.6
47107,13.0
47109,16.5
47111,17.2
47113,18.2
47115,16.3
47117,11.8
47119,9.8
47121,14.3
47123,15.5
47125,11.3
47127,8.0
47129,15.1
47131,18.6
47133,16.3
47135,18.1
47137,23.9
47139,13.9
47141,18.4
47143,15.9
47145,12.0
47147,10.4
47149,9.3
47151,23.1
47153,21.9
47155,13.5
47157,17.8
47159,10.0
47161,16.4
47163,15.4
47165,8.8
47167,13.6
47169,11.9
47171,14.3
47173,13.8
47175,16.1
47177,15.7
47179,15.5
47181,20.0
47183,19.0
47185,13.2
47187,4.6
47189,8.0
48001,17.4
48003,15.6
48005,15.8
48007,14.2
48009,9.2
48011,5.2
48013,15.8
48015,12.0
48017,12.0
48019,13.5
48021,10.2
48023,21.8
48025,17.6
48027,14.5
48029,14.6
48031,8.4
48033,7.4
48035,9.3
48037,16.2
48039,7.4
48041,24.3
48043,8.9
48045,16.8
48047,19.4
48049,15.3
48051,12.7
48053,8.0
48055,13.2
48057,7.7
48059,9.6
48061,24.8
48063,19.9
48065,7.4
48067,17.5
48069,19.2
48071,11.9
48073,18.2
48075,15.3
48077,8.4
48079,27.8
48081,22.9
48083,19.6
48085,6.2
48087,21.8
48089,10.7
48091,6.5
48093,16.2
48095,11.4
48097,13.5
48099,11.2
48101,17.1
48103,10.9
48105,9.3
48107,20.1
48109,19.5
48111,11.5
48113,13.9
48115,19.6
48117,17.7
48119,11.4
48121,7.1
48123,17.6
48125,18.0
48127,41.1
48129,7.9
48131,33.3
48133,16.2
48135,16.5
48137,31.9
48139,6.9
48141,18.7
48143,16.6
48145,14.7
48147,13.7
48149,8.6
48151,13.7
48153,17.9
48155,5.6
48157,7.6
48159,11.7
48161,12.3
48163,19.5
48165,6.8
48167,11.7
48169,8.4
48171,9.2
48173,8.9
48175,13.0
48177,15.8
48179,15.7
48181,11.2
48183,16.1
48185,14.6
48187,9.3
48189,20.5
48191,16.3
48193,16.5
48195,8.6
48197,10.7
48199,12.1
48201,16.3
48203,15.6
48205,9.4
48207,16.6
48209,12.1
48211,6.2
48213,14.7
48215,26.7
48217,14.7
48219,13.1
48221,7.7
48223,11.9
48225,15.0
48227,13.8
48229,17.3
48231,11.8
48233,13.3
48235,10.8
48237,13.0
48239,14.1
48241,20.7
48243,23.9
48245,19.5
48247,31.4
48249,24.7
48251,10.0
48253,14.1
48255,19.1
48257,9.7
48259,5.0
48261,15.3
48263,9.9
48265,11.4
48267,11.7
48269,23.7
48271,8.4
48273,28.1
48275,15.7
48277,19.0
48279,15.0
48281,9.1
48283,21.4
48285,11.5
48287,11.3
48289,16.4
48291,18.7
48293,17.1
48295,11.5
48297,17.1
48299,12.0
48301,6.1
48303,17.1
48305,15.2
48307,15.3
48309,16.6
48311,12.3
48313,10.9
48315,18.3
48317,8.3
48319,7.0
48321,20.7
48323,22.8
48325,9.6
48327,18.9
48329,11.3
48331,12.9
48333,7.2
48335,13.8
48337,14.2
48339,9.4
48341,18.3
48343,19.5
48345,16.1
48347,21.8
48349,17.1
48351,19.0
48353,22.5
48355,17.4
48357,11.8
48359,20.7
48361,12.5
48363,16.7
48365,11.2
48367,8.0
48369,10.2
48371,21.6
48373,17.5
48375,20.8
48377,32.0
48379,10.0
48381,9.7
48383,11.8
48385,17.9
48387,15.6
48389,16.8
48391,14.6
48393,5.6
48395,13.5
48397,4.0
48399,11.0
48401,14.4
48403,11.0
48405,27.1
48407,18.4
48409,14.8
48411,10.7
48413,9.9
48415,11.6
48417,9.5
48419,20.6
48421,10.4
48423,11.6
48425,7.5
48427,33.5
48429,14.6
48431,4.3
48433,14.9
48435,4.5
48437,30.1
48439,11.1
48441,14.7
48443,7.7
48445,18.3
48447,24.2
48449,17.1
48451,11.1
48453,10.9
48455,17.6
48457,17.9
48459,12.4
48461,16.0
48463,22.2
48465,16.6
48467,11.1
48469,16.2
48471,18.4
48473,14.6
48475,14.9
48477,13.4
48479,21.3
48481,13.6
48483,15.4
48485,16.5
48487,17.5
48489,24.0
48491,6.4
48493,11.3
48495,16.2
48497,8.9
48499,12.5
48501,16.8
48503,16.5
48505,38.4
48507,33.9
49001,6.6
49003,8.4
49005,12.0
49007,17.0
49009,9.0
49011,6.4
49013,11.8
49015,12.5
49017,9.8
49019,13.3
49021,13.8
49023,6.9
49025,9.5
49027,7.7
49029,1.4
49031,10.2
49033,3.8
49035,8.1
49037,18.1
49039,15.2
49041,9.7
49043,4.9
49045,5.2
49047,11.8
49049,8.7
49051,4.7
49053,9.8
49055,10.6
49057,8.1
50001,7.6
50003,11.3
50005,11.7
50007,9.7
50009,13.8
50011,10.3
50013,7.9
50015,8.5
50017,9.3
50019,11.7
50021,11.8
50023,8.7
50025,11.6
50027,9.2
51001,13.9
51003,7.7
51005,11.6
51007,9.7
51009,10.8
51011,14.0
51013,7.4
51015,6.6
51017,23.8
51019,8.1
51021,13.6
51023,6.2
51025,14.9
51027,25.2
51029,12.5
51031,10.8
51033,11.2
51035,15.3
51036,9.4
51037,18.9
51041,7.1
51043,7.0
51045,13.7
51047,7.9
51049,8.5
51051,17.3
51053,11.7
51057,12.3
51059,5.9
51061,6.8
51063,9.8
51065,7.7
51067,12.7
51069,6.8
51071,9.3
51073,5.2
51075,5.1
51077,16.5
51079,13.7
51081,14.3
51083,17.3
51085,5.7
51087,8.8
51089,16.0
51091,9.5
51093,6.8
51095,6.8
51097,17.9
51099,7.5
51101,5.9
51103,10.3
51105,28.8
51107,4.2
51109,10.0
51111,15.9
51113,10.8
51115,7.8
51117,16.3
51119,7.3
51121,23.9
51125,12.5
51127,4.7
51131,17.7
51133,11.5
51135,18.5
51137,9.8
51139,11.3
51141,11.7
51143,14.6
51145,4.6
51147,20.9
51149,8.9
51153,6.2
51155,14.4
51157,10.3
51159,7.7
51161,7.3
51163,7.5
51165,9.8
51167,16.7
51169,20.2
51171,11.8
51173,16.8
51175,8.7
51177,7.1
51179,4.7
51181,10.5
51183,11.6
51185,18.5
51187,11.6
51191,11.1
51193,14.0
51195,17.2
51197,15.2
51199,5.6
51510,7.9
51520,18.0
51530,18.8
51540,19.6
51550,9.4
51570,7.9
51580,25.7
51590,24.7
51595,15.8
51600,9.1
51610,4.0
51620,19.3
51630,13.2
51640,31.1
51650,12.7
51660,25.7
51670,21.8
51678,14.0
51680,18.6
51683,7.7
51685,5.1
51690,23.5
51700,14.5
51710,16.5
51720,26.3
51730,21.7
51735,4.5
51740,17.3
51750,28.7
51760,18.2
51770,18.3
51775,10.2
51790,12.4
51800,9.4
51810,8.6
51820,11.2
51830,18.8
51840,21.5
53001,19.5
53003,14.2
53005,11.0
53007,8.3
53009,10.6
53011,8.0
53013,9.3
53015,12.2
53017,8.3
53019,13.6
53021,13.1
53023,12.0
53025,15.8
53027,15.3
53029,7.7
53031,11.1
53033,8.6
53035,8.2
53037,14.4
53039,12.9
53041,12.2
53043,12.5
53045,12.3
53047,20.7
53049,10.4
53051,14.4
53053,8.8
53055,11.3
53057,11.6
53059,8.1
53061,8.0
53063,11.7
53065,12.0
53067,9.5
53069,17.8
53071,12.1
53073,12.9
53075,22.7
53077,15.5
54001,20.0
54003,11.1
54005,16.2
54007,20.4
54009,13.1
54011,19.2
54013,32.9
54015,26.4
54017,14.8
54019,19.2
54021,19.0
54023,13.3
54025,21.8
54027,13.1
54029,14.5
54031,17.7
54033,14.4
54035,18.5
54037,8.7
54039,15.7
54041,16.1
54043,23.2
54045,21.8
54047,34.2
54049,13.6
54051,16.8
54053,19.4
54055,16.5
54057,14.0
54059,32.4
54061,19.7
54063,14.0
54065,11.2
54067,15.4
54069,17.7
54071,16.6
54073,11.6
54075,22.5
54077,13.8
54079,10.6
54081,22.8
54083,15.9
54085,21.6
54087,19.1
54089,23.8
54091,13.9
54093,15.3
54095,20.2
54097,19.2
54099,14.6
54101,23.3
54103,16.0
54105,16.8
54107,14.7
54109,22.6
55001,14.1
55003,13.4
55005,11.0
55007,9.8
55009,9.1
55011,8.4
55013,12.8
55015,5.9
55017,10.2
55019,12.1
55021,7.8
55023,13.8
55025,10.6
55027,8.5
55029,7.7
55031,10.8
55033,10.7
55035,11.8
55037,7.3
55039,9.2
55041,15.2
55043,13.0
55045,7.7
55047,13.8
55049,7.6
55051,10.5
55053,12.4
55055,8.1
55057,13.0
55059,10.5
55061,7.6
55063,12.4
55065,11.9
55067,13.5
55069,10.6
55071,9.6
55073,8.7
55075,9.8
55077,13.1
55078,21.7
55079,17.2
55081,11.7
55083,8.2
55085,8.5
55087,6.3
55089,5.0
55091,10.2
55093,9.8
55095,8.2
55097,10.1
55099,11.9
55101,10.3
55103,14.5
55105,9.3
55107,13.1
55109,6.6
55111,8.1
55113,15.6
55115,11.1
55117,8.5
55119,9.6
55121,9.9
55123,13.1
55125,11.1
55127,9.4
55129,11.5
55131,5.8
55133,5.2
55135,10.4
55137,10.9
55139,11.3
55141,10.8
56001,20.9
56003,12.7
56005,9.4
56007,12.2
56009,10.6
56011,6.0
56013,12.8
56015,14.7
56017,14.7
56019,9.1
56021,8.9
56023,7.5
56025,9.6
56027,12.0
56029,8.9
56031,7.7
56033,10.2
56035,6.9
56037,12.9
56039,5.7
56041,9.2
56043,8.8
56045,9.0
72001,60.9
72003,46.5
72005,44.8
72007,45.5
72009,46.6
72011,42.9
72013,41.3
72015,52.1
72017,41.9
72019,48.5
72021,34.3
72023,38.4
72025,35.7
72027,37.8
72029,33.2
72031,27.9
72033,42.2
72035,37.3
72037,40.3
72039,54.3
72041,34.7
72043,50.2
72045,52.8
72047,43.1
72049,25.7
72051,27.5
72053,40.4
72054,49.0
72055,63.6
72057,49.0
72059,46.4
72061,24.3
72063,29.0
72065,37.2
72067,37.0
72069,38.2
72071,43.6
72073,46.9
72075,44.1
72077,34.6
72079,52.6
72081,55.4
72083,57.8
72085,38.7
72087,42.8
72089,44.8
72091,42.3
72093,52.9
72095,54.6
72097,53.3
72099,45.9
72101,44.9
72103,46.3
72105,51.1
72107,50.4
72109,48.9
72111,52.3
72113,49.7
72115,45.1
72117,46.1
72119,33.8
72121,44.0
72123,47.9
72125,49.6
72127,38.8
72129,43.4
72131,49.7
72133,41.8
72135,32.8
72137,32.4
72139,27.7
72141,50.3
72143,40.8
72145,41.1
72147,59.1
72149,38.9
72151,47.7
72153,41.9
