fips,state_abbr,min_wage_2023
01073,AL,7.25
01077,AL,7.25
01081,AL,7.25
02020,AK,10.85
02070,AK,10.85
02130,AK,10.85
02150,AK,10.85
02170,AK,10.85
04013,AZ,13.85
04023,AZ,13.85
04027,AZ,13.85
05001,AR,11.0
05035,AR,11.0
05057,AR,11.0
05059,AR,11.0
05063,AR,11.0
05069,AR,11.0
05093,AR,11.0
05097,AR,11.0
05113,AR,11.0
05123,AR,11.0
05131,AR,11.0
05143,AR,11.0
06001,CA,15.5
06009,CA,15.5
06011,CA,15.5
06013,CA,15.5
06017,CA,15.5
06019,CA,15.5
06023,CA,15.5
06025,CA,15.5
06037,CA,15.5
06039,CA,15.5
06043,CA,15.5
06045,CA,15.5
06047,CA,15.5
06053,CA,15.5
06057,CA,15.5
06059,CA,15.5
06061,CA,15.5
06065,CA,15.5
06067,CA,15.5
06069,CA,15.5
06071,CA,15.5
06073,CA,15.5
06075,CA,15.5
06077,CA,15.5
06079,CA,15.5
06081,CA,15.5
06083,CA,15.5
06085,CA,15.5
06087,CA,15.5
06089,CA,15.5
06093,CA,15.5
06099,CA,15.5
06109,CA,15.5
06111,CA,15.5
08001,CO,13.65
08005,CO,13.65
08011,CO,13.65
08013,CO,13.65
08029,CO,13.65
08031,CO,13.65
08035,CO,13.65
08037,CO,13.65
08039,CO,13.65
08041,CO,13.65
08049,CO,13.65
08065,CO,13.65
08069,CO,13.65
08075,CO,13.65
08077,CO,13.65
08089,CO,13.65
08091,CO,13.65
08093,CO,13.65
08097,CO,13.65
08101,CO,13.65
08107,CO,13.65
08117,CO,13.65
08123,CO,13.65
09110,CT,15.0
09170,CT,15.0
10003,DE,11.75
12001,FL,12.0
12003,FL,12.0
12009,FL,12.0
12011,FL,12.0
12013,FL,12.0
12015,FL,12.0
12017,FL,12.0
12019,FL,12.0
12021,FL,12.0
12023,FL,12.0
12027,FL,12.0
12031,FL,12.0
12033,FL,12.0
12035,FL,12.0
12043,FL,12.0
12049,FL,12.0
12053,FL,12.0
12057,FL,12.0
12059,FL,12.0
12063,FL,12.0
12067,FL,12.0
12069,FL,12.0
12071,FL,12.0
12073,FL,12.0
12075,FL,12.0
12079,FL,12.0
12081,FL,12.0
12083,FL,12.0
12085,FL,12.0
12086,FL,12.0
12087,FL,12.0
12089,FL,12.0
12091,FL,12.0
12095,FL,12.0
12097,FL,12.0
12099,FL,12.0
12101,FL,12.0
12103,FL,12.0
12105,FL,12.0
12107,FL,12.0
12111,FL,12.0
12115,FL,12.0
12117,FL,12.0
12119,FL,12.0
12123,FL,12.0
12125,FL,12.0
12127,FL,12.0
12129,FL,12.0
12131,FL,12.0
13067,GA,7.25
13073,GA,7.25
13139,GA,7.25
13209,GA,7.25
15009,HI,12.0
16001,ID,7.25
16019,ID,7.25
17019,IL,13.0
17031,IL,13.0
01055,AL,7.25
01003,AL,7.25
01033,AL,7.25
01001,AL,7.25
01053,AL,7.25
01063,AL,7.25
01043,AL,7.25
01061,AL,7.25
01059,AL,7.25
01015,AL,7.25
01017,AL,7.25
01027,AL,7.25
01041,AL,7.25
01047,AL,7.25
01049,AL,7.25
01031,AL,7.25
01007,AL,7.25
01051,AL,7.25
01025,AL,7.25
01065,AL,7.25
01037,AL,7.25
01005,AL,7.25
01019,AL,7.25
01011,AL,7.25
01045,AL,7.25
01013,AL,7.25
01057,AL,7.25
01035,AL,7.25
01039,AL,7.25
01023,AL,7.25
01021,AL,7.25
01069,AL,7.25
01067,AL,7.25
01009,AL,7.25
01029,AL,7.25
01089,AL,7.25
01087,AL,7.25
01071,AL,7.25
01083,AL,7.25
01085,AL,7.25
01075,AL,7.25
01079,AL,7.25
01115,AL,7.25
01095,AL,7.25
01101,AL,7.25
01113,AL,7.25
01117,AL,7.25
01091,AL,7.25
01097,AL,7.25
01103,AL,7.25
01109,AL,7.25
01099,AL,7.25
01093,AL,7.25
01111,AL,7.25
01107,AL,7.25
01105,AL,7.25
04003,AZ,13.85
01125,AL,7.25
02090,AK,10.85
01121,AL,7.25
04007,AZ,13.85
01119,AL,7.25
04005,AZ,13.85
01133,AL,7.25
02122,AK,10.85
02188,AK,10.85
04001,AZ,13.85
02050,AK,10.85
01123,AL,7.25
01127,AL,7.25
02105,AK,10.85
02158,AK,10.85
02060,AK,10.85
01131,AL,7.25
02110,AK,10.85
02013,AK,10.85
04009,AZ,13.85
02198,AK,10.85
01129,AL,7.25
02290,AK,10.85
02016,AK,10.85
02063,AK,10.85
02275,AK,10.85
02220,AK,10.85
02068,AK,10.85
02185,AK,10.85
02282,AK,10.85
02180,AK,10.85
02164,AK,10.85
02100,AK,10.85
02240,AK,10.85
02066,AK,10.85
02230,AK,10.85
02195,AK,10.85
04012,AZ,13.85
04011,AZ,13.85
04019,AZ,13.85
04015,AZ,13.85
04017,AZ,13.85
05005,AR,11.0
04025,AZ,13.85
05003,AR,11.0
05007,AR,11.0
04021,AZ,13.85
05009,AR,11.0
05011,AR,11.0
05031,AR,11.0
05017,AR,11.0
05091,AR,11.0
05115,AR,11.0
05021,AR,11.0
05111,AR,11.0
05045,AR,11.0
05051,AR,11.0
05101,AR,11.0
05067,AR,11.0
05079,AR,11.0
05085,AR,11.0
05055,AR,11.0
05033,AR,11.0
05023,AR,11.0
05027,AR,11.0
05109,AR,11.0
05099,AR,11.0
05061,AR,11.0
05087,AR,11.0
05107,AR,11.0
05025,AR,11.0
05103,AR,11.0
05019,AR,11.0
05037,AR,11.0
05029,AR,11.0
05075,AR,11.0
05089,AR,11.0
05047,AR,11.0
05043,AR,11.0
05081,AR,11.0
05015,AR,11.0
05041,AR,11.0
05013,AR,11.0
05053,AR,11.0
05065,AR,11.0
05049,AR,11.0
05071,AR,11.0
05105,AR,11.0
05095,AR,11.0
05083,AR,11.0
05073,AR,11.0
05077,AR,11.0
05039,AR,11.0
05117,AR,11.0
05119,AR,11.0
05141,AR,11.0
05139,AR,11.0
05125,AR,11.0
05149,AR,11.0
05127,AR,11.0
05135,AR,11.0
05121,AR,11.0
05145,AR,11.0
05129,AR,11.0
05137,AR,11.0
05133,AR,11.0
05147,AR,11.0
06007,CA,15.5
06005,CA,15.5
06003,CA,15.5
06015,CA,15.5
06029,CA,15.5
06031,CA,15.5
06021,CA,15.5
06035,CA,15.5
06033,CA,15.5
06027,CA,15.5
06041,CA,15.5
06055,CA,15.5
06049,CA,15.5
06051,CA,15.5
06063,CA,15.5
06097,CA,15.5
06095,CA,15.5
06091,CA,15.5
06113,CA,15.5
06107,CA,15.5
06101,CA,15.5
06105,CA,15.5
06103,CA,15.5
08014,CO,13.65
08003,CO,13.65
08019,CO,13.65
06115,CA,15.5
08017,CO,13.65
08025,CO,13.65
08015,CO,13.65
08007,CO,13.65
08021,CO,13.65
08027,CO,13.65
08009,CO,13.65
08023,CO,13.65
08059,CO,13.65
08051,CO,13.65
08043,CO,13.65
08045,CO,13.65
08053,CO,13.65
08047,CO,13.65
08033,CO,13.65
08057,CO,13.65
08055,CO,13.65
08087,CO,13.65
08119,CO,13.65
08099,CO,13.65
08085,CO,13.65
08063,CO,13.65
08067,CO,13.65
08105,CO,13.65
08083,CO,13.65
08071,CO,13.65
08081,CO,13.65
08095,CO,13.65
08115,CO,13.65
08121,CO,13.65
08103,CO,13.65
08079,CO,13.65
08113,CO,13.65
08073,CO,13.65
08125,CO,13.65
08109,CO,13.65
08111,CO,13.65
08061,CO,13.65
09140,CT,15.0
09120,CT,15.0
09150,CT,15.0
09130,CT,15.0
09190,CT,15.0
09180,CT,15.0
09160,CT,15.0
10001,DE,11.75
10005,DE,11.75
11001,DC,17.0
12005,FL,12.0
12007,FL,12.0
12029,FL,12.0
12041,FL,12.0
12055,FL,12.0
12037,FL,12.0
12047,FL,12.0
12051,FL,12.0
12045,FL,12.0
12039,FL,12.0
12061,FL,12.0
12065,FL,12.0
12077,FL,12.0
12093,FL,12.0
12113,FL,12.0
12109,FL,12.0
13015,GA,7.25
13021,GA,7.25
12121,FL,12.0
13017,GA,7.25
13001,GA,7.25
13011,GA,7.25
13013,GA,7.25
13019,GA,7.25
12133,FL,12.0
13005,GA,7.25
13009,GA,7.25
13025,GA,7.25
13007,GA,7.25
13003,GA,7.25
13023,GA,7.25
13063,GA,7.25
13039,GA,7.25
13055,GA,7.25
13029,GA,7.25
13031,GA,7.25
13057,GA,7.25
13051,GA,7.25
13059,GA,7.25
13045,GA,7.25
13033,GA,7.25
13047,GA,7.25
13049,GA,7.25
13035,GA,7.25
13053,GA,7.25
13027,GA,7.25
13043,GA,7.25
13037,GA,7.25
13065,GA,7.25
13061,GA,7.25
13089,GA,7.25
13077,GA,7.25
13069,GA,7.25
13071,GA,7.25
13083,GA,7.25
13081,GA,7.25
13085,GA,7.25
13075,GA,7.25
13087,GA,7.25
13079,GA,7.25
13121,GA,7.25
13095,GA,7.25
13117,GA,7.25
13091,GA,7.25
13113,GA,7.25
13097,GA,7.25
13103,GA,7.25
13119,GA,7.25
13105,GA,7.25
13115,GA,7.25
13111,GA,7.25
13093,GA,7.25
13107,GA,7.25
13101,GA,7.25
13099,GA,7.25
13109,GA,7.25
13135,GA,7.25
13123,GA,7.25
13127,GA,7.25
13131,GA,7.25
13137,GA,7.25
13133,GA,7.25
13129,GA,7.25
13125,GA,7.25
36081,NY,14.2
13207,GA,7.25
13143,GA,7.25
13169,GA,7.25
13205,GA,7.25
13215,GA,7.25
13181,GA,7.25
13151,GA,7.25
13153,GA,7.25
13157,GA,7.25
13213,GA,7.25
13177,GA,7.25
13185,GA,7.25
13191,GA,7.25
13161,GA,7.25
13149,GA,7.25
13199,GA,7.25
13167,GA,7.25
13147,GA,7.25
13173,GA,7.25
13193,GA,7.25
13195,GA,7.25
13183,GA,7.25
13145,GA,7.25
13171,GA,7.25
13175,GA,7.25
13179,GA,7.25
13163,GA,7.25
13165,GA,7.25
13189,GA,7.25
13187,GA,7.25
13201,GA,7.25
13159,GA,7.25
13211,GA,7.25
13155,GA,7.25
13141,GA,7.25
13197,GA,7.25
13291,GA,7.25
13223,GA,7.25
13247,GA,7.25
13217,GA,7.25
13287,GA,7.25
13299,GA,7.25
13267,GA,7.25
13297,GA,7.25
13241,GA,7.25
13245,GA,7.25
13295,GA,7.25
13257,GA,7.25
13275,GA,7.25
13281,GA,7.25
13285,GA,7.25
13243,GA,7.25
13219,GA,7.25
13221,GA,7.25
13303,GA,7.25
13255,GA,7.25
13283,GA,7.25
13229,GA,7.25
13231,GA,7.25
13251,GA,7.25
13233,GA,7.25
13273,GA,7.25
13263,GA,7.25
13289,GA,7.25
13301,GA,7.25
13265,GA,7.25
13261,GA,7.25
13305,GA,7.25
13277,GA,7.25
13259,GA,7.25
13279,GA,7.25
13237,GA,7.25
13235,GA,7.25
13225,GA,7.25
13253,GA,7.25
13271,GA,7.25
13293,GA,7.25
13227,GA,7.25
13307,GA,7.25
13269,GA,7.25
13249,GA,7.25
13239,GA,7.25
15003,HI,12.0
15001,HI,12.0
13313,GA,7.25
13309,GA,7.25
13317,GA,7.25
15007,HI,12.0
13315,GA,7.25
13321,GA,7.25
13319,GA,7.25
15005,HI,12.0
13311,GA,7.25
16047,ID,7.25
16011,ID,7.25
16043,ID,7.25
16055,ID,7.25
16025,ID,7.25
16005,ID,7.25
16053,ID,7.25
16027,ID,7.25
16039,ID,7.25
16057,ID,7.25
16017,ID,7.25
16029,ID,7.25
16031,ID,7.25
16015,ID,7.25
16013,ID,7.25
16033,ID,7.25
16045,ID,7.25
16035,ID,7.25
16051,ID,7.25
16009,ID,7.25
16059,ID,7.25
16041,ID,7.25
16049,ID,7.25
16023,ID,7.25
16007,ID,7.25
16065,ID,7.25
16063,ID,7.25
16021,ID,7.25
16003,ID,7.25
16061,ID,7.25
16037,ID,7.25
16083,ID,7.25
17029,IL,13.0
16069,ID,7.25
17021,IL,13.0
17027,IL,13.0
17001,IL,13.0
16077,ID,7.25
16081,ID,7.25
16073,ID,7.25
16087,ID,7.25
17007,IL,13.0
16085,ID,7.25
17011,IL,13.0
17025,IL,13.0
16079,ID,7.25
17017,IL,13.0
16067,ID,7.25
17015,IL,13.0
16075,ID,7.25
17023,IL,13.0
17009,IL,13.0
17005,IL,13.0
17013,IL,13.0
17003,IL,13.0
16071,ID,7.25
17035,IL,13.0
17081,IL,13.0
17085,IL,13.0
17091,IL,13.0
17109,IL,13.0
17115,IL,13.0
17117,IL,13.0
17161,IL,13.0
17163,IL,13.0
17199,IL,13.0
18089,IN,7.25
18163,IN,7.25
18167,IN,7.25
19001,IA,7.25
19005,IA,7.25
19017,IA,7.25
19023,IA,7.25
19029,IA,7.25
19041,IA,7.25
19047,IA,7.25
19049,IA,7.25
19073,IA,7.25
19075,IA,7.25
19087,IA,7.25
19093,IA,7.25
19095,IA,7.25
19099,IA,7.25
19103,IA,7.25
19105,IA,7.25
19113,IA,7.25
19117,IA,7.25
19129,IA,7.25
19131,IA,7.25
19133,IA,7.25
19135,IA,7.25
19153,IA,7.25
19155,IA,7.25
19163,IA,7.25
19165,IA,7.25
19167,IA,7.25
19169,IA,7.25
19171,IA,7.25
19173,IA,7.25
19175,IA,7.25
19181,IA,7.25
19195,IA,7.25
19197,IA,7.25
20103,KS,7.25
20111,KS,7.25
20125,KS,7.25
20155,KS,7.25
20159,KS,7.25
22005,LA,7.25
22015,LA,7.25
22019,LA,7.25
22033,LA,7.25
22037,LA,7.25
22039,LA,7.25
22047,LA,7.25
22051,LA,7.25
22053,LA,7.25
22055,LA,7.25
22063,LA,7.25
22067,LA,7.25
22075,LA,7.25
22077,LA,7.25
22079,LA,7.25
22087,LA,7.25
22093,LA,7.25
22097,LA,7.25
22099,LA,7.25
22101,LA,7.25
22103,LA,7.25
22105,LA,7.25
22109,LA,7.25
22113,LA,7.25
22117,LA,7.25
22121,LA,7.25
22123,LA,7.25
23027,ME,13.8
23031,ME,13.8
24003,MD,13.25
24019,MD,13.25
24031,MD,13.25
24033,MD,13.25
24035,MD,13.25
24043,MD,13.25
24510,MD,13.25
25001,MA,15.0
25003,MA,15.0
25005,MA,15.0
25009,MA,15.0
25011,MA,15.0
25013,MA,15.0
25015,MA,15.0
25017,MA,15.0
25019,MA,15.0
25021,MA,15.0
25023,MA,15.0
25025,MA,15.0
25027,MA,15.0
26031,MI,10.1
26039,MI,10.1
26055,MI,10.1
26059,MI,10.1
26081,MI,10.1
26093,MI,10.1
26139,MI,10.1
26149,MI,10.1
26155,MI,10.1
27013,MN,10.59
27071,MN,10.59
27077,MN,10.59
27079,MN,10.59
27095,MN,10.59
27103,MN,10.59
27111,MN,10.59
27113,MN,10.59
27129,MN,10.59
27137,MN,10.59
27163,MN,10.59
28031,MS,7.25
28033,MS,7.25
28047,MS,7.25
28053,MS,7.25
28059,MS,7.25
28071,MS,7.25
28073,MS,7.25
28075,MS,7.25
28083,MS,7.25
28085,MS,7.25
28093,MS,7.25
28095,MS,7.25
28105,MS,7.25
28107,MS,7.25
28109,MS,7.25
28115,MS,7.25
28117,MS,7.25
28127,MS,7.25
28133,MS,7.25
28135,MS,7.25
28139,MS,7.25
28141,MS,7.25
28147,MS,7.25
28149,MS,7.25
29183,MO,12.0
29186,MO,12.0
29187,MO,12.0
30049,MT,9.95
30063,MT,9.95
30065,MT,9.95
30093,MT,9.95
30107,MT,9.95
30111,MT,9.95
31087,NE,10.5
31109,NE,10.5
31157,NE,10.5
31173,NE,10.5
32510,NV,11.25
33001,NH,7.25
33003,NH,7.25
33005,NH,7.25
33007,NH,7.25
33009,NH,7.25
33011,NH,7.25
33013,NH,7.25
33015,NH,7.25
33017,NH,7.25
34001,NJ,14.13
34005,NJ,14.13
34009,NJ,14.13
34011,NJ,14.13
34015,NJ,14.13
34019,NJ,14.13
34023,NJ,14.13
34025,NJ,14.13
34029,NJ,14.13
34035,NJ,14.13
34037,NJ,14.13
35001,NM,12.0
35013,NM,12.0
35027,NM,12.0
35031,NM,12.0
35039,NM,12.0
35043,NM,12.0
35045,NM,12.0
35047,NM,12.0
35049,NM,12.0
35053,NM,12.0
35061,NM,12.0
36005,NY,14.2
36009,NY,14.2
36029,NY,14.2
36043,NY,14.2
36047,NY,14.2
36051,NY,14.2
36061,NY,14.2
36067,NY,14.2
17045,IL,13.0
17043,IL,13.0
17061,IL,13.0
17057,IL,13.0
17051,IL,13.0
17063,IL,13.0
17033,IL,13.0
17037,IL,13.0
17055,IL,13.0
17053,IL,13.0
17059,IL,13.0
17049,IL,13.0
17041,IL,13.0
17039,IL,13.0
17067,IL,13.0
17065,IL,13.0
17047,IL,13.0
17097,IL,13.0
17093,IL,13.0
17073,IL,13.0
17099,IL,13.0
17075,IL,13.0
17069,IL,13.0
17089,IL,13.0
17095,IL,13.0
17087,IL,13.0
17077,IL,13.0
17083,IL,13.0
17079,IL,13.0
17071,IL,13.0
17149,IL,13.0
17105,IL,13.0
17143,IL,13.0
17111,IL,13.0
17119,IL,13.0
17103,IL,13.0
17151,IL,13.0
17147,IL,13.0
17145,IL,13.0
17113,IL,13.0
17127,IL,13.0
17137,IL,13.0
17141,IL,13.0
17107,IL,13.0
17157,IL,13.0
17139,IL,13.0
17121,IL,13.0
17123,IL,13.0
17155,IL,13.0
17131,IL,13.0
17135,IL,13.0
17159,IL,13.0
17133,IL,13.0
17153,IL,13.0
17125,IL,13.0
17129,IL,13.0
17101,IL,13.0
17197,IL,13.0
17179,IL,13.0
17189,IL,13.0
17167,IL,13.0
17173,IL,13.0
17183,IL,13.0
17195,IL,13.0
17181,IL,13.0
17165,IL,13.0
17177,IL,13.0
17187,IL,13.0
17193,IL,13.0
17185,IL,13.0
17169,IL,13.0
17171,IL,13.0
17191,IL,13.0
17175,IL,13.0
18027,IN,7.25
18003,IN,7.25
18023,IN,7.25
18035,IN,7.25
18007,IN,7.25
17201,IL,13.0
17203,IL,13.0
18029,IN,7.25
18015,IN,7.25
18019,IN,7.25
18021,IN,7.25
18001,IN,7.25
18009,IN,7.25
18031,IN,7.25
18033,IN,7.25
18011,IN,7.25
18005,IN,7.25
18037,IN,7.25
18017,IN,7.25
18013,IN,7.25
18025,IN,7.25
18057,IN,7.25
18083,IN,7.25
18041,IN,7.25
18063,IN,7.25
18039,IN,7.25
18069,IN,7.25
18059,IN,7.25
18085,IN,7.25
18065,IN,7.25
18073,IN,7.25
18081,IN,7.25
18043,IN,7.25
18061,IN,7.25
18045,IN,7.25
18067,IN,7.25
18051,IN,7.25
18053,IN,7.25
18087,IN,7.25
18071,IN,7.25
18075,IN,7.25
18079,IN,7.25
18055,IN,7.25
18047,IN,7.25
18049,IN,7.25
18077,IN,7.25
18097,IN,7.25
18095,IN,7.25
18091,IN,7.25
18093,IN,7.25
18099,IN,7.25
18157,IN,7.25
18107,IN,7.25
18141,IN,7.25
18105,IN,7.25
18101,IN,7.25
18127,IN,7.25
18137,IN,7.25
18161,IN,7.25
18147,IN,7.25
18155,IN,7.25
18111,IN,7.25
18109,IN,7.25
18159,IN,7.25
18119,IN,7.25
18121,IN,7.25
18125,IN,7.25
18139,IN,7.25
18145,IN,7.25
18133,IN,7.25
18129,IN,7.25
18135,IN,7.25
18149,IN,7.25
18103,IN,7.25
18153,IN,7.25
18151,IN,7.25
18113,IN,7.25
18131,IN,7.25
18143,IN,7.25
18123,IN,7.25
18117,IN,7.25
18115,IN,7.25
18165,IN,7.25
19063,IA,7.25
18173,IN,7.25
19027,IA,7.25
19061,IA,7.25
19089,IA,7.25
19045,IA,7.25
19085,IA,7.25
19083,IA,7.25
19011,IA,7.25
19013,IA,7.25
19071,IA,7.25
19037,IA,7.25
19059,IA,7.25
19021,IA,7.25
18177,IN,7.25
18169,IN,7.25
19081,IA,7.25
19039,IA,7.25
19015,IA,7.25
19069,IA,7.25
19033,IA,7.25
18175,IN,7.25
18181,IN,7.25
18183,IN,7.25
19031,IA,7.25
19079,IA,7.25
19019,IA,7.25
19091,IA,7.25
19009,IA,7.25
19043,IA,7.25
19065,IA,7.25
19097,IA,7.25
19025,IA,7.25
19051,IA,7.25
19057,IA,7.25
18171,IN,7.25
19035,IA,7.25
19007,IA,7.25
19077,IA,7.25
19067,IA,7.25
18179,IN,7.25
19053,IA,7.25
19055,IA,7.25
19003,IA,7.25
19147,IA,7.25
19123,IA,7.25
19121,IA,7.25
19161,IA,7.25
19141,IA,7.25
19111,IA,7.25
19119,IA,7.25
19157,IA,7.25
19125,IA,7.25
19109,IA,7.25
19151,IA,7.25
19149,IA,7.25
19139,IA,7.25
19127,IA,7.25
19145,IA,7.25
19101,IA,7.25
19107,IA,7.25
19137,IA,7.25
19143,IA,7.25
19115,IA,7.25
19159,IA,7.25
20091,KS,7.25
19179,IA,7.25
20035,KS,7.25
20051,KS,7.25
20005,KS,7.25
20015,KS,7.25
20001,KS,7.25
20045,KS,7.25
20057,KS,7.25
20071,KS,7.25
20029,KS,7.25
19183,IA,7.25
20085,KS,7.25
20003,KS,7.25
20037,KS,7.25
20073,KS,7.25
20009,KS,7.25
20079,KS,7.25
19191,IA,7.25
19193,IA,7.25
20041,KS,7.25
20023,KS,7.25
20055,KS,7.25
20017,KS,7.25
20047,KS,7.25
20011,KS,7.25
20033,KS,7.25
20043,KS,7.25
20077,KS,7.25
20059,KS,7.25
20061,KS,7.25
20065,KS,7.25
20087,KS,7.25
19177,IA,7.25
20027,KS,7.25
19187,IA,7.25
20031,KS,7.25
20021,KS,7.25
20013,KS,7.25
19189,IA,7.25
20039,KS,7.25
20007,KS,7.25
19185,IA,7.25
20049,KS,7.25
20025,KS,7.25
20067,KS,7.25
20063,KS,7.25
20089,KS,7.25
20019,KS,7.25
20075,KS,7.25
20081,KS,7.25
20053,KS,7.25
20083,KS,7.25
20069,KS,7.25
20173,KS,7.25
20161,KS,7.25
20177,KS,7.25
20121,KS,7.25
20151,KS,7.25
20099,KS,7.25
20149,KS,7.25
20163,KS,7.25
20095,KS,7.25
20105,KS,7.25
20169,KS,7.25
20113,KS,7.25
20107,KS,7.25
20141,KS,7.25
20167,KS,7.25
20133,KS,7.25
20157,KS,7.25
20117,KS,7.25
20123,KS,7.25
20145,KS,7.25
20127,KS,7.25
20115,KS,7.25
20139,KS,7.25
20171,KS,7.25
20175,KS,7.25
20119,KS,7.25
20131,KS,7.25
20135,KS,7.25
20109,KS,7.25
20147,KS,7.25
20093,KS,7.25
20137,KS,7.25
20153,KS,7.25
20101,KS,7.25
20129,KS,7.25
20143,KS,7.25
20165,KS,7.25
20097,KS,7.25
20179,KS,7.25
20209,KS,7.25
21163,KY,7.25
20193,KS,7.25
22017,LA,7.25
20201,KS,7.25
20181,KS,7.25
22001,LA,7.25
21067,KY,7.25
21085,KY,7.25
21111,KY,7.25
21079,KY,7.25
21235,KY,7.25
22009,LA,7.25
21137,KY,7.25
21159,KY,7.25
21071,KY,7.25
21081,KY,7.25
20205,KS,7.25
21239,KY,7.25
21195,KY,7.25
21095,KY,7.25
22011,LA,7.25
21015,KY,7.25
22003,LA,7.25
21029,KY,7.25
21165,KY,7.25
21185,KY,7.25
21209,KY,7.25
20197,KS,7.25
21043,KY,7.25
21121,KY,7.25
21037,KY,7.25
21017,KY,7.25
21199,KY,7.25
21113,KY,7.25
21145,KY,7.25
22013,LA,7.25
21073,KY,7.25
21023,KY,7.25
21101,KY,7.25
21093,KY,7.25
21151,KY,7.25
20189,KS,7.25
22007,LA,7.25
21057,KY,7.25
20183,KS,7.25
20207,KS,7.25
21125,KY,7.25
21045,KY,7.25
21025,KY,7.25
21227,KY,7.25
21221,KY,7.25
21019,KY,7.25
21089,KY,7.25
21231,KY,7.25
21193,KY,7.25
21055,KY,7.25
21059,KY,7.25
21133,KY,7.25
21117,KY,7.25
21103,KY,7.25
21169,KY,7.25
21141,KY,7.25
21219,KY,7.25
21009,KY,7.25
21021,KY,7.25
20191,KS,7.25
21049,KY,7.25
21211,KY,7.25
21127,KY,7.25
21157,KY,7.25
20199,KS,7.25
21107,KY,7.25
21031,KY,7.25
20185,KS,7.25
21123,KY,7.25
21003,KY,7.25
21177,KY,7.25
21223,KY,7.25
21077,KY,7.25
21109,KY,7.25
21135,KY,7.25
21179,KY,7.25
20203,KS,7.25
21149,KY,7.25
21099,KY,7.25
21167,KY,7.25
21047,KY,7.25
21083,KY,7.25
21155,KY,7.25
21183,KY,7.25
21001,KY,7.25
21065,KY,7.25
21063,KY,7.25
21139,KY,7.25
21069,KY,7.25
21203,KY,7.25
21181,KY,7.25
21191,KY,7.25
21217,KY,7.25
21115,KY,7.25
21153,KY,7.25
21213,KY,7.25
21143,KY,7.25
21129,KY,7.25
21175,KY,7.25
21087,KY,7.25
21035,KY,7.25
20195,KS,7.25
20187,KS,7.25
21207,KY,7.25
21205,KY,7.25
21033,KY,7.25
21097,KY,7.25
21233,KY,7.25
21013,KY,7.25
21039,KY,7.25
21215,KY,7.25
21131,KY,7.25
21173,KY,7.25
21225,KY,7.25
21171,KY,7.25
21053,KY,7.25
21119,KY,7.25
21061,KY,7.25
21197,KY,7.25
21161,KY,7.25
21187,KY,7.25
21189,KY,7.25
21007,KY,7.25
21041,KY,7.25
21005,KY,7.25
21229,KY,7.25
21105,KY,7.25
21075,KY,7.25
21051,KY,7.25
21027,KY,7.25
21147,KY,7.25
21237,KY,7.25
21011,KY,7.25
21091,KY,7.25
21201,KY,7.25
22045,LA,7.25
22021,LA,7.25
22035,LA,7.25
22031,LA,7.25
22041,LA,7.25
22027,LA,7.25
22043,LA,7.25
22029,LA,7.25
22023,LA,7.25
22049,LA,7.25
22025,LA,7.25
22073,LA,7.25
22057,LA,7.25
22071,LA,7.25
22069,LA,7.25
22061,LA,7.25
22059,LA,7.25
22065,LA,7.25
23001,ME,13.8
22085,LA,7.25
23005,ME,13.8
22081,LA,7.25
23003,ME,13.8
22089,LA,7.25
22095,LA,7.25
22125,LA,7.25
22115,LA,7.25
22127,LA,7.25
22111,LA,7.25
22119,LA,7.25
22083,LA,7.25
22091,LA,7.25
22107,LA,7.25
23007,ME,13.8
23025,ME,13.8
23017,ME,13.8
23019,ME,13.8
23029,ME,13.8
24001,MD,13.25
23021,ME,13.8
23009,ME,13.8
23023,ME,13.8
23011,ME,13.8
23013,ME,13.8
23015,ME,13.8
24017,MD,13.25
24005,MD,13.25
24021,MD,13.25
24011,MD,13.25
24013,MD,13.25
24015,MD,13.25
24009,MD,13.25
24027,MD,13.25
24025,MD,13.25
24023,MD,13.25
24029,MD,13.25
24039,MD,13.25
24041,MD,13.25
24045,MD,13.25
24037,MD,13.25
24047,MD,13.25
25007,MA,15.0
26005,MI,10.1
26003,MI,10.1
26001,MI,10.1
26049,MI,10.1
26017,MI,10.1
26009,MI,10.1
26037,MI,10.1
26023,MI,10.1
26025,MI,10.1
26045,MI,10.1
26047,MI,10.1
26029,MI,10.1
26019,MI,10.1
26015,MI,10.1
26011,MI,10.1
26033,MI,10.1
26021,MI,10.1
26027,MI,10.1
26041,MI,10.1
26035,MI,10.1
26007,MI,10.1
26013,MI,10.1
26043,MI,10.1
26069,MI,10.1
26077,MI,10.1
26067,MI,10.1
26075,MI,10.1
26065,MI,10.1
26073,MI,10.1
26057,MI,10.1
26051,MI,10.1
26071,MI,10.1
26061,MI,10.1
26063,MI,10.1
26053,MI,10.1
26079,MI,10.1
26099,MI,10.1
26097,MI,10.1
26091,MI,10.1
26087,MI,10.1
26095,MI,10.1
26089,MI,10.1
26083,MI,10.1
26085,MI,10.1
26125,MI,10.1
26103,MI,10.1
26123,MI,10.1
26101,MI,10.1
26115,MI,10.1
26121,MI,10.1
26107,MI,10.1
26117,MI,10.1
26111,MI,10.1
26113,MI,10.1
26105,MI,10.1
26119,MI,10.1
26109,MI,10.1
26147,MI,10.1
26145,MI,10.1
26151,MI,10.1
26127,MI,10.1
26143,MI,10.1
26129,MI,10.1
26153,MI,10.1
26137,MI,10.1
26133,MI,10.1
26157,MI,10.1
26135,MI,10.1
26141,MI,10.1
26131,MI,10.1
26163,MI,10.1
26161,MI,10.1
26159,MI,10.1
27003,MN,10.59
27007,MN,10.59
27005,MN,10.59
27001,MN,10.59
27009,MN,10.59
26165,MI,10.1
27011,MN,10.59
27053,MN,10.59
27021,MN,10.59
27037,MN,10.59
27015,MN,10.59
27017,MN,10.59
27047,MN,10.59
27041,MN,10.59
27025,MN,10.59
27019,MN,10.59
27023,MN,10.59
27027,MN,10.59
27049,MN,10.59
27033,MN,10.59
27039,MN,10.59
27035,MN,10.59
27029,MN,10.59
27045,MN,10.59
27031,MN,10.59
27043,MN,10.59
27051,MN,10.59
27109,MN,10.59
27061,MN,10.59
27105,MN,10.59
27115,MN,10.59
27069,MN,10.59
27091,MN,10.59
27099,MN,10.59
27059,MN,10.59
27117,MN,10.59
27063,MN,10.59
27081,MN,10.59
27067,MN,10.59
27057,MN,10.59
27085,MN,10.59
27107,MN,10.59
27101,MN,10.59
27055,MN,10.59
27075,MN,10.59
27119,MN,10.59
27065,MN,10.59
27073,MN,10.59
27097,MN,10.59
27083,MN,10.59
27093,MN,10.59
27087,MN,10.59
27089,MN,10.59
27145,MN,10.59
27123,MN,10.59
27139,MN,10.59
27133,MN,10.59
27153,MN,10.59
27141,MN,10.59
27161,MN,10.59
27155,MN,10.59
27157,MN,10.59
27131,MN,10.59
27151,MN,10.59
27135,MN,10.59
27127,MN,10.59
27147,MN,10.59
27121,MN,10.59
27143,MN,10.59
27159,MN,10.59
27149,MN,10.59
27125,MN,10.59
28049,MS,7.25
27171,MN,10.59
28035,MS,7.25
28051,MS,7.25
28021,MS,7.25
28025,MS,7.25
28045,MS,7.25
28001,MS,7.25
28023,MS,7.25
27169,MN,10.59
28041,MS,7.25
27165,MN,10.59
27173,MN,10.59
28037,MS,7.25
28027,MS,7.25
28005,MS,7.25
28009,MS,7.25
28039,MS,7.25
28011,MS,7.25
28007,MS,7.25
28029,MS,7.25
28017,MS,7.25
28057,MS,7.25
28013,MS,7.25
27167,MN,10.59
28043,MS,7.25
28015,MS,7.25
28019,MS,7.25
28003,MS,7.25
28055,MS,7.25
28121,MS,7.25
28065,MS,7.25
28089,MS,7.25
28131,MS,7.25
28101,MS,7.25
28129,MS,7.25
28081,MS,7.25
28087,MS,7.25
28079,MS,7.25
28113,MS,7.25
28067,MS,7.25
28077,MS,7.25
28091,MS,7.25
28103,MS,7.25
28123,MS,7.25
28061,MS,7.25
28099,MS,7.25
28063,MS,7.25
28111,MS,7.25
28119,MS,7.25
28097,MS,7.25
28125,MS,7.25
28137,MS,7.25
28069,MS,7.25
29047,MO,12.0
28151,MS,7.25
29023,MO,12.0
29053,MO,12.0
28145,MS,7.25
29031,MO,12.0
29051,MO,12.0
29015,MO,12.0
29019,MO,12.0
29021,MO,12.0
29017,MO,12.0
29029,MO,12.0
29037,MO,12.0
29043,MO,12.0
28157,MS,7.25
28155,MS,7.25
29055,MO,12.0
29027,MO,12.0
28153,MS,7.25
29001,MO,12.0
29033,MO,12.0
29003,MO,12.0
29005,MO,12.0
29049,MO,12.0
29009,MO,12.0
29007,MO,12.0
29013,MO,12.0
29059,MO,12.0
29045,MO,12.0
29039,MO,12.0
28159,MS,7.25
28161,MS,7.25
28143,MS,7.25
29061,MO,12.0
28163,MS,7.25
29057,MO,12.0
29025,MO,12.0
29011,MO,12.0
29035,MO,12.0
29041,MO,12.0
29063,MO,12.0
29095,MO,12.0
29075,MO,12.0
29069,MO,12.0
29097,MO,12.0
29071,MO,12.0
29079,MO,12.0
29083,MO,12.0
29077,MO,12.0
29081,MO,12.0
29087,MO,12.0
29073,MO,12.0
29091,MO,12.0
29099,MO,12.0
29089,MO,12.0
29085,MO,12.0
29067,MO,12.0
29065,MO,12.0
29093,MO,12.0
29101,MO,12.0
29157,MO,12.0
29165,MO,12.0
29127,MO,12.0
29131,MO,12.0
29145,MO,12.0
29173,MO,12.0
29103,MO,12.0
29151,MO,12.0
29109,MO,12.0
29129,MO,12.0
29107,MO,12.0
29161,MO,12.0
29105,MO,12.0
29135,MO,12.0
29113,MO,12.0
29167,MO,12.0
29115,MO,12.0
29185,MO,12.0
29159,MO,12.0
29119,MO,12.0
29147,MO,12.0
29169,MO,12.0
29143,MO,12.0
29139,MO,12.0
29153,MO,12.0
29125,MO,12.0
29189,MO,12.0
29133,MO,12.0
29155,MO,12.0
29175,MO,12.0
29121,MO,12.0
29141,MO,12.0
29137,MO,12.0
29181,MO,12.0
29149,MO,12.0
29163,MO,12.0
29123,MO,12.0
29117,MO,12.0
29111,MO,12.0
29179,MO,12.0
29177,MO,12.0
29171,MO,12.0
29510,MO,12.0
29209,MO,12.0
29201,MO,12.0
29213,MO,12.0
29219,MO,12.0
29225,MO,12.0
29221,MO,12.0
29223,MO,12.0
29195,MO,12.0
29207,MO,12.0
29205,MO,12.0
29217,MO,12.0
29229,MO,12.0
29199,MO,12.0
29211,MO,12.0
29215,MO,12.0
29203,MO,12.0
29227,MO,12.0
29197,MO,12.0
31007,NE,10.5
30013,MT,9.95
31001,NE,10.5
31045,NE,10.5
31043,NE,10.5
30085,MT,9.95
31041,NE,10.5
31037,NE,10.5
30031,MT,9.95
31019,NE,10.5
30077,MT,9.95
30101,MT,9.95
30057,MT,9.95
30017,MT,9.95
30005,MT,9.95
30009,MT,9.95
31033,NE,10.5
30001,MT,9.95
30079,MT,9.95
30015,MT,9.95
31047,NE,10.5
30081,MT,9.95
31035,NE,10.5
30039,MT,9.95
30029,MT,9.95
30087,MT,9.95
31031,NE,10.5
31039,NE,10.5
30007,MT,9.95
31023,NE,10.5
31027,NE,10.5
30053,MT,9.95
30083,MT,9.95
31003,NE,10.5
30047,MT,9.95
30043,MT,9.95
30061,MT,9.95
31011,NE,10.5
31053,NE,10.5
30041,MT,9.95
30035,MT,9.95
30105,MT,9.95
30003,MT,9.95
31051,NE,10.5
30073,MT,9.95
31025,NE,10.5
30023,MT,9.95
30067,MT,9.95
31013,NE,10.5
31029,NE,10.5
30045,MT,9.95
30091,MT,9.95
30033,MT,9.95
31021,NE,10.5
30011,MT,9.95
30025,MT,9.95
30109,MT,9.95
30027,MT,9.95
30021,MT,9.95
30055,MT,9.95
30059,MT,9.95
30075,MT,9.95
31005,NE,10.5
30051,MT,9.95
30071,MT,9.95
30069,MT,9.95
30099,MT,9.95
30103,MT,9.95
30037,MT,9.95
30095,MT,9.95
30089,MT,9.95
31049,NE,10.5
31015,NE,10.5
31009,NE,10.5
30019,MT,9.95
31017,NE,10.5
30097,MT,9.95
31141,NE,10.5
31055,NE,10.5
31095,NE,10.5
31139,NE,10.5
31153,NE,10.5
31075,NE,10.5
31119,NE,10.5
31081,NE,10.5
31131,NE,10.5
31071,NE,10.5
31155,NE,10.5
31123,NE,10.5
31105,NE,10.5
31103,NE,10.5
31079,NE,10.5
31127,NE,10.5
31061,NE,10.5
31151,NE,10.5
31077,NE,10.5
31085,NE,10.5
31067,NE,10.5
31143,NE,10.5
31121,NE,10.5
31069,NE,10.5
31091,NE,10.5
31111,NE,10.5
31115,NE,10.5
31137,NE,10.5
31135,NE,10.5
31145,NE,10.5
31107,NE,10.5
31133,NE,10.5
31083,NE,10.5
31117,NE,10.5
31129,NE,10.5
31089,NE,10.5
31149,NE,10.5
31097,NE,10.5
31057,NE,10.5
31147,NE,10.5
31093,NE,10.5
31099,NE,10.5
31101,NE,10.5
31125,NE,10.5
31065,NE,10.5
31059,NE,10.5
31113,NE,10.5
31063,NE,10.5
31073,NE,10.5
32003,NV,11.25
31169,NE,10.5
31177,NE,10.5
31185,NE,10.5
32001,NV,11.25
31175,NE,10.5
31161,NE,10.5
31181,NE,10.5
31165,NE,10.5
31179,NE,10.5
31183,NE,10.5
31159,NE,10.5
31167,NE,10.5
31171,NE,10.5
31163,NE,10.5
32031,NV,11.25
32023,NV,11.25
32005,NV,11.25
32015,NV,11.25
32019,NV,11.25
32013,NV,11.25
32007,NV,11.25
32017,NV,11.25
32033,NV,11.25
32011,NV,11.25
32027,NV,11.25
32021,NV,11.25
32029,NV,11.25
32009,NV,11.25
34003,NJ,14.13
33019,NH,7.25
34007,NJ,14.13
34017,NJ,14.13
34013,NJ,14.13
34021,NJ,14.13
34031,NJ,14.13
34027,NJ,14.13
34033,NJ,14.13
34039,NJ,14.13
34041,NJ,14.13
35006,NM,12.0
35025,NM,12.0
35015,NM,12.0
35035,NM,12.0
35017,NM,12.0
35005,NM,12.0
35009,NM,12.0
35028,NM,12.0
35023,NM,12.0
35007,NM,12.0
35037,NM,12.0
35041,NM,12.0
35003,NM,12.0
35029,NM,12.0
35021,NM,12.0
35019,NM,12.0
35011,NM,12.0
35033,NM,12.0
36001,NY,14.2
35055,NM,12.0
35057,NM,12.0
36003,NY,14.2
35051,NM,12.0
35059,NM,12.0
36027,NY,14.2
36013,NY,14.2
36017,NY,14.2
36007,NY,14.2
36011,NY,14.2
36015,NY,14.2
36021,NY,14.2
36023,NY,14.2
36025,NY,14.2
36019,NY,14.2
36045,NY,14.2
36041,NY,14.2
36031,NY,14.2
36035,NY,14.2
36037,NY,14.2
36039,NY,14.2
36033,NY,14.2
36053,NY,14.2
36055,NY,14.2
36049,NY,14.2
36059,NY,14.2
36057,NY,14.2
36063,NY,14.2
36065,NY,14.2
36083,NY,14.2
36089,NY,14.2
36093,NY,14.2
36115,NY,14.2
36119,NY,14.2
37001,NC,7.25
37003,NC,7.25
37007,NC,7.25
37009,NC,7.25
37011,NC,7.25
37015,NC,7.25
37017,NC,7.25
37019,NC,7.25
37021,NC,7.25
37023,NC,7.25
37025,NC,7.25
37027,NC,7.25
37029,NC,7.25
37031,NC,7.25
37035,NC,7.25
37037,NC,7.25
37039,NC,7.25
37041,NC,7.25
37043,NC,7.25
37045,NC,7.25
37047,NC,7.25
37049,NC,7.25
37051,NC,7.25
37053,NC,7.25
37057,NC,7.25
37059,NC,7.25
37061,NC,7.25
37063,NC,7.25
37065,NC,7.25
37067,NC,7.25
37069,NC,7.25
37071,NC,7.25
36087,NY,14.2
36085,NY,14.2
36091,NY,14.2
37073,NC,7.25
37077,NC,7.25
37079,NC,7.25
37081,NC,7.25
37083,NC,7.25
37085,NC,7.25
37087,NC,7.25
37089,NC,7.25
37091,NC,7.25
37093,NC,7.25
37095,NC,7.25
37097,NC,7.25
37101,NC,7.25
37107,NC,7.25
37109,NC,7.25
37111,NC,7.25
37113,NC,7.25
37115,NC,7.25
37117,NC,7.25
37119,NC,7.25
37123,NC,7.25
37125,NC,7.25
37129,NC,7.25
37133,NC,7.25
37135,NC,7.25
37137,NC,7.25
37141,NC,7.25
37143,NC,7.25
37145,NC,7.25
37147,NC,7.25
37151,NC,7.25
37153,NC,7.25
37155,NC,7.25
37157,NC,7.25
37159,NC,7.25
37161,NC,7.25
37165,NC,7.25
37167,NC,7.25
37169,NC,7.25
37171,NC,7.25
37179,NC,7.25
37181,NC,7.25
37183,NC,7.25
37185,NC,7.25
37189,NC,7.25
37193,NC,7.25
37195,NC,7.25
37197,NC,7.25
37199,NC,7.25
38015,ND,7.25
38017,ND,7.25
38035,ND,7.25
36103,NY,14.2
38039,ND,7.25
38049,ND,7.25
36095,NY,14.2
38061,ND,7.25
38077,ND,7.25
38089,ND,7.25
38093,ND,7.25
38105,ND,7.25
39003,OH,10.1
39005,OH,10.1
39009,OH,10.1
39013,OH,10.1
39015,OH,10.1
39017,OH,10.1
39023,OH,10.1
39025,OH,10.1
39037,OH,10.1
39039,OH,10.1
39043,OH,10.1
39047,OH,10.1
39049,OH,10.1
39051,OH,10.1
39053,OH,10.1
39055,OH,10.1
39057,OH,10.1
39063,OH,10.1
39065,OH,10.1
39069,OH,10.1
39073,OH,10.1
39075,OH,10.1
39077,OH,10.1
39083,OH,10.1
39085,OH,10.1
36101,NY,14.2
39089,OH,10.1
39091,OH,10.1
39093,OH,10.1
39095,OH,10.1
39101,OH,10.1
39103,OH,10.1
39105,OH,10.1
39107,OH,10.1
39109,OH,10.1
39111,OH,10.1
39115,OH,10.1
39117,OH,10.1
39123,OH,10.1
39127,OH,10.1
39129,OH,10.1
36099,NY,14.2
39137,OH,10.1
39141,OH,10.1
39145,OH,10.1
39147,OH,10.1
39149,OH,10.1
39151,OH,10.1
36097,NY,14.2
39153,OH,10.1
39159,OH,10.1
39163,OH,10.1
39165,OH,10.1
39169,OH,10.1
39173,OH,10.1
40017,OK,7.25
40027,OK,7.25
40109,OK,7.25
40125,OK,7.25
40147,OK,7.25
41001,OR,14.2
41003,OR,14.2
41005,OR,14.2
41007,OR,14.2
41009,OR,14.2
41011,OR,14.2
41013,OR,14.2
41015,OR,14.2
41017,OR,14.2
41019,OR,14.2
41023,OR,14.2
41029,OR,14.2
41035,OR,14.2
41039,OR,14.2
41041,OR,14.2
41043,OR,14.2
41047,OR,14.2
41051,OR,14.2
41053,OR,14.2
41059,OR,14.2
41063,OR,14.2
41065,OR,14.2
41067,OR,14.2
41071,OR,14.2
44005,RI,13.0
44007,RI,13.0
36117,NY,14.2
36109,NY,14.2
44009,RI,13.0
36111,NY,14.2
45001,SC,7.25
36105,NY,14.2
45003,SC,7.25
45005,SC,7.25
45007,SC,7.25
45011,SC,7.25
45013,SC,7.25
36113,NY,14.2
45015,SC,7.25
45017,SC,7.25
45019,SC,7.25
45021,SC,7.25
45023,SC,7.25
45027,SC,7.25
36107,NY,14.2
45031,SC,7.25
45033,SC,7.25
45035,SC,7.25
45037,SC,7.25
45039,SC,7.25
45041,SC,7.25
45043,SC,7.25
45045,SC,7.25
45047,SC,7.25
45051,SC,7.25
45055,SC,7.25
45059,SC,7.25
45063,SC,7.25
45065,SC,7.25
45067,SC,7.25
45071,SC,7.25
45073,SC,7.25
45075,SC,7.25
45077,SC,7.25
45079,SC,7.25
45081,SC,7.25
45083,SC,7.25
45085,SC,7.25
45091,SC,7.25
47001,TN,7.25
47003,TN,7.25
47009,TN,7.25
47011,TN,7.25
47017,TN,7.25
36123,NY,14.2
47029,TN,7.25
37013,NC,7.25
47041,TN,7.25
47045,TN,7.25
47055,TN,7.25
47059,TN,7.25
47061,TN,7.25
47065,TN,7.25
47069,TN,7.25
47075,TN,7.25
47079,TN,7.25
36121,NY,14.2
47093,TN,7.25
47099,TN,7.25
47103,TN,7.25
47105,TN,7.25
47107,TN,7.25
47119,TN,7.25
47123,TN,7.25
47127,TN,7.25
47129,TN,7.25
47131,TN,7.25
47135,TN,7.25
47141,TN,7.25
47143,TN,7.25
47145,TN,7.25
47151,TN,7.25
47155,TN,7.25
47157,TN,7.25
47159,TN,7.25
47161,TN,7.25
47165,TN,7.25
47167,TN,7.25
47171,TN,7.25
47173,TN,7.25
47181,TN,7.25
47183,TN,7.25
47185,TN,7.25
47189,TN,7.25
48001,TX,7.25
48005,TX,7.25
48007,TX,7.25
48011,TX,7.25
48013,TX,7.25
48015,TX,7.25
48017,TX,7.25
48019,TX,7.25
48021,TX,7.25
48027,TX,7.25
48029,TX,7.25
48039,TX,7.25
48041,TX,7.25
48049,TX,7.25
48051,TX,7.25
48053,TX,7.25
48055,TX,7.25
48057,TX,7.25
48059,TX,7.25
48061,TX,7.25
48069,TX,7.25
48071,TX,7.25
48073,TX,7.25
48077,TX,7.25
48085,TX,7.25
48091,TX,7.25
48099,TX,7.25
48111,TX,7.25
48113,TX,7.25
48115,TX,7.25
48117,TX,7.25
48121,TX,7.25
48125,TX,7.25
48129,TX,7.25
48131,TX,7.25
48133,TX,7.25
48135,TX,7.25
48137,TX,7.25
48139,TX,7.25
48141,TX,7.25
48143,TX,7.25
48147,TX,7.25
48149,TX,7.25
48157,TX,7.25
48163,TX,7.25
48165,TX,7.25
48167,TX,7.25
48171,TX,7.25
48175,TX,7.25
48177,TX,7.25
48181,TX,7.25
48183,TX,7.25
48185,TX,7.25
48187,TX,7.25
48189,TX,7.25
48195,TX,7.25
48199,TX,7.25
48201,TX,7.25
37055,NC,7.25
48203,TX,7.25
48209,TX,7.25
48213,TX,7.25
48215,TX,7.25
48217,TX,7.25
48219,TX,7.25
48221,TX,7.25
48223,TX,7.25
48225,TX,7.25
48227,TX,7.25
48231,TX,7.25
48233,TX,7.25
48241,TX,7.25
48245,TX,7.25
48249,TX,7.25
48251,TX,7.25
48255,TX,7.25
48257,TX,7.25
48259,TX,7.25
48265,TX,7.25
48273,TX,7.25
48279,TX,7.25
48281,TX,7.25
48285,TX,7.25
48289,TX,7.25
48291,TX,7.25
48293,TX,7.25
48297,TX,7.25
48299,TX,7.25
48303,TX,7.25
48309,TX,7.25
48313,TX,7.25
48315,TX,7.25
48321,TX,7.25
48323,TX,7.25
48325,TX,7.25
48329,TX,7.25
48335,TX,7.25
48339,TX,7.25
48341,TX,7.25
48343,TX,7.25
48349,TX,7.25
48355,TX,7.25
48361,TX,7.25
48363,TX,7.25
48367,TX,7.25
48371,TX,7.25
48373,TX,7.25
48375,TX,7.25
48381,TX,7.25
48387,TX,7.25
48389,TX,7.25
48391,TX,7.25
37105,NC,7.25
48397,TX,7.25
48401,TX,7.25
48413,TX,7.25
48415,TX,7.25
48423,TX,7.25
48425,TX,7.25
48437,TX,7.25
37103,NC,7.25
48439,TX,7.25
48441,TX,7.25
48447,TX,7.25
37099,NC,7.25
48453,TX,7.25
48455,TX,7.25
48459,TX,7.25
48465,TX,7.25
48467,TX,7.25
48469,TX,7.25
48471,TX,7.25
48473,TX,7.25
48477,TX,7.25
48479,TX,7.25
48481,TX,7.25
48485,TX,7.25
48489,TX,7.25
37127,NC,7.25
48491,TX,7.25
48493,TX,7.25
48499,TX,7.25
48505,TX,7.25
48507,TX,7.25
49005,UT,7.25
49009,UT,7.25
49011,UT,7.25
49015,UT,7.25
49019,UT,7.25
49025,UT,7.25
49029,UT,7.25
49035,UT,7.25
49045,UT,7.25
49049,UT,7.25
49057,UT,7.25
50001,VT,13.18
50003,VT,13.18
50009,VT,13.18
50011,VT,13.18
50015,VT,13.18
50017,VT,13.18
50019,VT,13.18
50021,VT,13.18
50025,VT,13.18
50027,VT,13.18
51001,VA,12.0
51041,VA,12.0
51047,VA,12.0
51051,VA,12.0
51075,VA,12.0
51093,VA,12.0
51095,VA,12.0
51099,VA,12.0
51101,VA,12.0
51105,VA,12.0
51117,VA,12.0
51121,VA,12.0
51143,VA,12.0
51149,VA,12.0
51153,VA,12.0
51165,VA,12.0
51177,VA,12.0
37139,NC,7.25
51179,VA,12.0
51193,VA,12.0
51540,VA,12.0
51550,VA,12.0
51570,VA,12.0
51610,VA,12.0
51660,VA,12.0
51670,VA,12.0
37131,NC,7.25
51680,VA,12.0
51685,VA,12.0
51690,VA,12.0
51700,VA,12.0
51740,VA,12.0
51810,VA,12.0
53011,WA,15.74
53033,WA,15.74
37173,NC,7.25
37163,NC,7.25
53035,WA,15.74
53041,WA,15.74
54001,WV,8.75
54003,WV,8.75
54007,WV,8.75
54009,WV,8.75
54011,WV,8.75
54017,WV,8.75
54019,WV,8.75
54023,WV,8.75
54025,WV,8.75
54027,WV,8.75
54029,WV,8.75
54031,WV,8.75
54033,WV,8.75
54035,WV,8.75
54037,WV,8.75
54039,WV,8.75
54043,WV,8.75
54045,WV,8.75
54049,WV,8.75
54053,WV,8.75
54055,WV,8.75
54057,WV,8.75
54061,WV,8.75
54065,WV,8.75
54067,WV,8.75
54069,WV,8.75
54071,WV,8.75
54073,WV,8.75
54077,WV,8.75
54081,WV,8.75
37175,NC,7.25
54091,WV,8.75
54095,WV,8.75
54097,WV,8.75
54099,WV,8.75
54101,WV,8.75
54109,WV,8.75
55035,WI,7.25
55039,WI,7.25
55055,WI,7.25
36069,NY,14.2
36075,NY,14.2
36071,NY,14.2
36079,NY,14.2
36077,NY,14.2
36073,NY,14.2
37033,NC,7.25
37005,NC,7.25
37075,NC,7.25
37149,NC,7.25
37121,NC,7.25
37177,NC,7.25
38079,ND,7.25
38021,ND,7.25
38101,ND,7.25
38059,ND,7.25
38011,ND,7.25
38071,ND,7.25
39001,OH,10.1
38023,ND,7.25
37191,NC,7.25
38099,ND,7.25
38103,ND,7.25
38003,ND,7.25
38063,ND,7.25
38065,ND,7.25
38069,ND,7.25
38081,ND,7.25
38037,ND,7.25
38053,ND,7.25
38055,ND,7.25
38075,ND,7.25
38005,ND,7.25
38073,ND,7.25
38097,ND,7.25
38013,ND,7.25
38009,ND,7.25
38067,ND,7.25
38091,ND,7.25
38041,ND,7.25
38043,ND,7.25
38095,ND,7.25
37187,NC,7.25
38083,ND,7.25
38007,ND,7.25
38085,ND,7.25
38019,ND,7.25
38051,ND,7.25
38025,ND,7.25
38027,ND,7.25
38057,ND,7.25
38001,ND,7.25
38047,ND,7.25
38029,ND,7.25
38033,ND,7.25
38031,ND,7.25
38045,ND,7.25
38087,ND,7.25
39029,OH,10.1
39007,OH,10.1
39035,OH,10.1
39033,OH,10.1
39031,OH,10.1
39021,OH,10.1
39027,OH,10.1
39011,OH,10.1
39019,OH,10.1
39041,OH,10.1
39045,OH,10.1
39079,OH,10.1
39061,OH,10.1
39081,OH,10.1
39059,OH,10.1
39067,OH,10.1
39071,OH,10.1
39099,OH,10.1
39097,OH,10.1
39087,OH,10.1
39133,OH,10.1
39113,OH,10.1
39139,OH,10.1
39119,OH,10.1
39135,OH,10.1
39121,OH,10.1
39131,OH,10.1
39125,OH,10.1
39161,OH,10.1
39157,OH,10.1
39143,OH,10.1
39155,OH,10.1
40037,OK,7.25
40021,OK,7.25
39167,OH,10.1
40049,OK,7.25
40047,OK,7.25
40013,OK,7.25
40015,OK,7.25
40039,OK,7.25
40031,OK,7.25
40019,OK,7.25
40035,OK,7.25
40051,OK,7.25
39171,OH,10.1
39175,OH,10.1
40043,OK,7.25
40023,OK,7.25
40041,OK,7.25
40003,OK,7.25
40001,OK,7.25
40011,OK,7.25
40007,OK,7.25
40025,OK,7.25
40009,OK,7.25
40045,OK,7.25
40005,OK,7.25
40029,OK,7.25
40033,OK,7.25
40065,OK,7.25
40077,OK,7.25
40063,OK,7.25
40097,OK,7.25
40101,OK,7.25
40099,OK,7.25
40081,OK,7.25
40069,OK,7.25
40071,OK,7.25
40079,OK,7.25
40087,OK,7.25
40089,OK,7.25
40091,OK,7.25
40073,OK,7.25
40075,OK,7.25
40107,OK,7.25
40059,OK,7.25
40095,OK,7.25
40105,OK,7.25
40067,OK,7.25
40083,OK,7.25
40103,OK,7.25
40085,OK,7.25
40061,OK,7.25
40093,OK,7.25
40057,OK,7.25
40055,OK,7.25
40053,OK,7.25
40143,OK,7.25
40119,OK,7.25
40113,OK,7.25
40145,OK,7.25
40131,OK,7.25
40133,OK,7.25
40141,OK,7.25
40121,OK,7.25
40115,OK,7.25
40117,OK,7.25
40135,OK,7.25
40129,OK,7.25
40127,OK,7.25
40137,OK,7.25
40111,OK,7.25
40123,OK,7.25
40139,OK,7.25
41033,OR,14.2
41027,OR,14.2
41031,OR,14.2
41025,OR,14.2
40151,OK,7.25
40149,OK,7.25
41037,OR,14.2
41045,OR,14.2
40153,OK,7.25
41021,OR,14.2
41049,OR,14.2
42003,PA,7.25
41057,OR,14.2
41061,OR,14.2
41055,OR,14.2
41069,OR,14.2
42001,PA,7.25
42125,PA,7.25
42017,PA,7.25
42079,PA,7.25
44001,RI,13.0
42005,PA,7.25
42121,PA,7.25
44003,RI,13.0
42007,PA,7.25
42095,PA,7.25
42045,PA,7.25
42049,PA,7.25
42071,PA,7.25
42129,PA,7.25
42091,PA,7.25
42101,PA,7.25
42077,PA,7.25
42025,PA,7.25
42111,PA,7.25
42011,PA,7.25
42013,PA,7.25
42047,PA,7.25
42021,PA,7.25
42085,PA,7.25
42019,PA,7.25
42051,PA,7.25
42103,PA,7.25
42029,PA,7.25
42037,PA,7.25
42039,PA,7.25
42081,PA,7.25
42133,PA,7.25
42089,PA,7.25
42041,PA,7.25
42073,PA,7.25
42031,PA,7.25
42105,PA,7.25
42123,PA,7.25
42069,PA,7.25
42107,PA,7.25
42055,PA,7.25
42035,PA,7.25
42087,PA,7.25
42043,PA,7.25
42063,PA,7.25
42119,PA,7.25
42075,PA,7.25
42115,PA,7.25
42127,PA,7.25
42033,PA,7.25
42083,PA,7.25
42061,PA,7.25
42099,PA,7.25
42131,PA,7.25
42015,PA,7.25
42065,PA,7.25
42027,PA,7.25
42097,PA,7.25
42009,PA,7.25
42057,PA,7.25
42053,PA,7.25
42117,PA,7.25
42113,PA,7.25
42059,PA,7.25
42093,PA,7.25
42109,PA,7.25
42067,PA,7.25
42023,PA,7.25
45009,SC,7.25
45025,SC,7.25
45029,SC,7.25
45049,SC,7.25
45057,SC,7.25
45053,SC,7.25
45061,SC,7.25
45069,SC,7.25
46083,SD,10.8
46081,SD,10.8
46099,SD,10.8
46007,SD,10.8
46097,SD,10.8
46029,SD,10.8
46053,SD,10.8
45089,SC,7.25
46077,SD,10.8
46103,SD,10.8
46093,SD,10.8
46057,SD,10.8
46065,SD,10.8
46011,SD,10.8
45087,SC,7.25
46017,SD,10.8
46005,SD,10.8
46102,SD,10.8
46067,SD,10.8
46101,SD,10.8
46059,SD,10.8
46061,SD,10.8
46063,SD,10.8
46041,SD,10.8
46045,SD,10.8
46037,SD,10.8
46015,SD,10.8
46079,SD,10.8
46039,SD,10.8
46013,SD,10.8
46087,SD,10.8
46035,SD,10.8
46031,SD,10.8
46019,SD,10.8
46047,SD,10.8
46025,SD,10.8
46027,SD,10.8
46021,SD,10.8
46095,SD,10.8
46009,SD,10.8
46091,SD,10.8
46023,SD,10.8
46043,SD,10.8
46071,SD,10.8
46055,SD,10.8
46069,SD,10.8
46003,SD,10.8
46073,SD,10.8
46089,SD,10.8
46051,SD,10.8
46033,SD,10.8
46085,SD,10.8
46075,SD,10.8
46049,SD,10.8
47043,TN,7.25
47037,TN,7.25
46109,SD,10.8
47053,TN,7.25
46117,SD,10.8
47051,TN,7.25
47019,TN,7.25
47031,TN,7.25
47035,TN,7.25
46129,SD,10.8
46123,SD,10.8
47057,TN,7.25
47005,TN,7.25
47021,TN,7.25
46135,SD,10.8
47047,TN,7.25
46115,SD,10.8
47049,TN,7.25
47033,TN,7.25
47039,TN,7.25
47023,TN,7.25
47015,TN,7.25
47007,TN,7.25
47013,TN,7.25
47025,TN,7.25
46127,SD,10.8
46111,SD,10.8
46125,SD,10.8
46121,SD,10.8
46119,SD,10.8
46105,SD,10.8
47027,TN,7.25
46107,SD,10.8
46137,SD,10.8
47063,TN,7.25
47115,TN,7.25
47125,TN,7.25
47081,TN,7.25
47087,TN,7.25
47085,TN,7.25
47121,TN,7.25
47113,TN,7.25
47083,TN,7.25
47089,TN,7.25
47071,TN,7.25
47073,TN,7.25
47097,TN,7.25
47117,TN,7.25
47091,TN,7.25
47109,TN,7.25
47077,TN,7.25
47111,TN,7.25
47101,TN,7.25
47095,TN,7.25
47067,TN,7.25
47163,TN,7.25
47147,TN,7.25
47139,TN,7.25
47149,TN,7.25
47153,TN,7.25
47133,TN,7.25
47169,TN,7.25
47137,TN,7.25
48025,TX,7.25
47177,TN,7.25
47179,TN,7.25
48003,TX,7.25
47187,TN,7.25
48009,TX,7.25
48023,TX,7.25
47175,TN,7.25
48037,TX,7.25
48035,TX,7.25
48031,TX,7.25
48045,TX,7.25
48033,TX,7.25
48047,TX,7.25
48043,TX,7.25
48067,TX,7.25
48097,TX,7.25
48079,TX,7.25
48089,TX,7.25
48075,TX,7.25
48101,TX,7.25
48081,TX,7.25
48093,TX,7.25
48063,TX,7.25
48083,TX,7.25
48103,TX,7.25
48107,TX,7.25
48087,TX,7.25
48109,TX,7.25
48065,TX,7.25
48095,TX,7.25
48105,TX,7.25
48119,TX,7.25
48151,TX,7.25
48123,TX,7.25
48153,TX,7.25
48145,TX,7.25
48127,TX,7.25
48155,TX,7.25
48161,TX,7.25
48179,TX,7.25
48159,TX,7.25
48193,TX,7.25
48173,TX,7.25
48169,TX,7.25
48191,TX,7.25
48197,TX,7.25
48211,TX,7.25
48205,TX,7.25
48207,TX,7.25
48267,TX,7.25
48253,TX,7.25
48277,TX,7.25
48283,TX,7.25
48237,TX,7.25
48287,TX,7.25
48269,TX,7.25
48239,TX,7.25
48275,TX,7.25
48247,TX,7.25
48235,TX,7.25
48261,TX,7.25
48263,TX,7.25
48229,TX,7.25
48271,TX,7.25
48243,TX,7.25
48345,TX,7.25
48295,TX,7.25
48333,TX,7.25
48311,TX,7.25
48331,TX,7.25
48337,TX,7.25
48353,TX,7.25
48347,TX,7.25
48317,TX,7.25
48307,TX,7.25
48351,TX,7.25
48305,TX,7.25
48327,TX,7.25
48319,TX,7.25
48377,TX,7.25
48429,TX,7.25
48379,TX,7.25
48407,TX,7.25
48365,TX,7.25
48405,TX,7.25
48409,TX,7.25
48435,TX,7.25
48419,TX,7.25
48427,TX,7.25
48385,TX,7.25
48357,TX,7.25
48421,TX,7.25
48411,TX,7.25
48399,TX,7.25
48431,TX,7.25
48359,TX,7.25
48395,TX,7.25
48369,TX,7.25
48403,TX,7.25
48417,TX,7.25
48393,TX,7.25
48433,TX,7.25
48383,TX,7.25
48449,TX,7.25
48451,TX,7.25
48445,TX,7.25
48443,TX,7.25
48463,TX,7.25
48487,TX,7.25
48457,TX,7.25
48461,TX,7.25
48475,TX,7.25
48483,TX,7.25
49003,UT,7.25
48497,TX,7.25
49021,UT,7.25
48503,TX,7.25
49017,UT,7.25
48501,TX,7.25
49013,UT,7.25
49031,UT,7.25
49001,UT,7.25
49027,UT,7.25
49007,UT,7.25
49033,UT,7.25
48495,TX,7.25
49023,UT,7.25
50005,VT,13.18
50007,VT,13.18
49037,UT,7.25
49039,UT,7.25
50013,VT,13.18
49053,UT,7.25
49043,UT,7.25
49041,UT,7.25
49051,UT,7.25
49047,UT,7.25
49055,UT,7.25
51019,VA,12.0
50023,VT,13.18
51059,VA,12.0
51035,VA,12.0
51013,VA,12.0
51015,VA,12.0
51029,VA,12.0
51003,VA,12.0
51057,VA,12.0
51031,VA,12.0
51023,VA,12.0
51007,VA,12.0
51009,VA,12.0
51053,VA,12.0
51049,VA,12.0
51025,VA,12.0
51011,VA,12.0
51033,VA,12.0
51037,VA,12.0
51027,VA,12.0
51017,VA,12.0
51036,VA,12.0
51043,VA,12.0
51005,VA,12.0
51021,VA,12.0
51045,VA,12.0
51085,VA,12.0
51087,VA,12.0
51067,VA,12.0
51061,VA,12.0
51069,VA,12.0
51077,VA,12.0
51083,VA,12.0
51079,VA,12.0
51081,VA,12.0
51065,VA,12.0
51063,VA,12.0
51073,VA,12.0
51071,VA,12.0
51161,VA,12.0
51155,VA,12.0
51107,VA,12.0
51137,VA,12.0
51089,VA,12.0
51139,VA,12.0
51127,VA,12.0
51097,VA,12.0
51157,VA,12.0
51091,VA,12.0
51125,VA,12.0
51133,VA,12.0
51119,VA,12.0
51147,VA,12.0
51111,VA,12.0
51131,VA,12.0
51141,VA,12.0
51159,VA,12.0
51113,VA,12.0
51109,VA,12.0
51145,VA,12.0
51103,VA,12.0
51135,VA,12.0
51115,VA,12.0
51590,VA,12.0
51171,VA,12.0
51199,VA,12.0
51650,VA,12.0
51163,VA,12.0
51520,VA,12.0
51185,VA,12.0
51183,VA,12.0
51600,VA,12.0
51510,VA,12.0
51173,VA,12.0
51197,VA,12.0
51181,VA,12.0
51167,VA,12.0
51169,VA,12.0
51175,VA,12.0
51530,VA,12.0
51620,VA,12.0
51630,VA,12.0
51195,VA,12.0
51191,VA,12.0
51595,VA,12.0
51187,VA,12.0
51640,VA,12.0
51580,VA,12.0
51800,VA,12.0
51678,VA,12.0
51760,VA,12.0
51710,VA,12.0
51730,VA,12.0
51770,VA,12.0
51790,VA,12.0
51683,VA,12.0
51750,VA,12.0
51775,VA,12.0
51735,VA,12.0
51720,VA,12.0
53029,WA,15.74
53015,WA,15.74
53007,WA,15.74
53009,WA,15.74
53021,WA,15.74
53025,WA,15.74
51840,VA,12.0
53027,WA,15.74
53031,WA,15.74
51820,VA,12.0
53005,WA,15.74
53017,WA,15.74
51830,VA,12.0
53013,WA,15.74
53001,WA,15.74
53003,WA,15.74
53023,WA,15.74
53019,WA,15.74
53039,WA,15.74
53037,WA,15.74
53043,WA,15.74
53045,WA,15.74
53061,WA,15.74
53053,WA,15.74
53057,WA,15.74
53047,WA,15.74
53063,WA,15.74
53055,WA,15.74
53049,WA,15.74
53051,WA,15.74
53059,WA,15.74
53077,WA,15.74
54005,WV,8.75
53071,WA,15.74
53073,WA,15.74
53075,WA,15.74
54015,WV,8.75
53067,WA,15.74
54021,WV,8.75
53065,WA,15.74
53069,WA,15.74
54013,WV,8.75
55001,WI,7.25
54041,WV,8.75
55009,WI,7.25
54085,WV,8.75
54059,WV,8.75
55005,WI,7.25
54107,WV,8.75
54047,WV,8.75
54051,WV,8.75
54079,WV,8.75
55007,WI,7.25
54093,WV,8.75
54083,WV,8.75
54103,WV,8.75
54089,WV,8.75
55003,WI,7.25
54105,WV,8.75
54063,WV,8.75
54075,WV,8.75
54087,WV,8.75
55017,WI,7.25
55027,WI,7.25
55011,WI,7.25
55059,WI,7.25
55025,WI,7.25
55057,WI,7.25
55033,WI,7.25
55045,WI,7.25
55019,WI,7.25
55023,WI,7.25
55051,WI,7.25
55015,WI,7.25
55013,WI,7.25
55021,WI,7.25
55029,WI,7.25
55047,WI,7.25
55031,WI,7.25
55049,WI,7.25
55043,WI,7.25
55053,WI,7.25
55037,WI,7.25
55041,WI,7.25
55061,WI,7.25
55065,WI,7.25
55067,WI,7.25
55077,WI,7.25
55079,WI,7.25
55087,WI,7.25
55089,WI,7.25
55097,WI,7.25
55105,WI,7.25
55117,WI,7.25
55121,WI,7.25
55127,WI,7.25
55131,WI,7.25
55139,WI,7.25
56001,WY,5.15
56005,WY,5.15
56007,WY,5.15
56013,WY,5.15
56021,WY,5.15
56025,WY,5.15
56029,WY,5.15
56033,WY,5.15
56035,WY,5.15
56039,WY,5.15
56041,WY,5.15
55063,WI,7.25
55078,WI,7.25
55071,WI,7.25
55069,WI,7.25
55073,WI,7.25
55075,WI,7.25
55119,WI,7.25
55103,WI,7.25
55081,WI,7.25
55129,WI,7.25
55109,WI,7.25
55095,WI,7.25
55101,WI,7.25
55125,WI,7.25
55111,WI,7.25
55083,WI,7.25
55085,WI,7.25
55123,WI,7.25
55099,WI,7.25
55093,WI,7.25
55107,WI,7.25
55115,WI,7.25
55091,WI,7.25
55113,WI,7.25
55133,WI,7.25
55141,WI,7.25
56043,WY,5.15
56045,WY,5.15
56011,WY,5.15
56015,WY,5.15
56009,WY,5.15
56023,WY,5.15
55137,WI,7.25
55135,WI,7.25
56037,WY,5.15
56019,WY,5.15
56003,WY,5.15
56027,WY,5.15
56031,WY,5.15
56017,WY,5.15
