county_fips,mean_commute_time,pct_households_no_vehicle
01001,27.9,0.04132303530130471
01003,27.0,0.026822488688700876
01005,27.1,0.10495179666958808
01007,31.7,0.05425752855659398
01009,35.8,0.04044183949504058
01011,31.8,0.09951193058568329
01013,25.0,0.05936553902856391
01015,25.2,0.06386759968899255
01017,23.1,0.07317254726812565
01019,30.5,0.027766875981161697
01021,31.0,0.02634965034965035
01023,33.6,0.08753568030447194
01025,25.1,0.11622937195773478
01027,28.5,0.05824742268041237
01029,35.3,0.056354515050167225
01031,23.0,0.040173465497521925
01033,22.5,0.0457182831982223
01035,28.3,0.0575050939551732
01037,31.5,0.06020823902218198
01039,25.5,0.06249146291490234
01041,31.3,0.07318937511943435
01043,27.0,0.03177073018926642
01045,22.5,0.057484665686622395
01047,26.4,0.1414686147864802
01049,24.8,0.04167144112142393
01051,27.9,0.03387509130752374
01053,24.6,0.05730793254216115
01055,25.5,0.04392174773540382
01057,28.6,0.07577937649880095
01059,26.0,0.07746361050694328
01061,26.6,0.05982905982905983
01063,29.4,0.13333333333333333
01065,30.2,0.11183977313009572
01067,27.6,0.07504956103086945
01069,22.1,0.06780287284651978
01071,27.3,0.049369121358109655
01073,24.1,0.06981914385122442
01075,25.4,0.061148250098309084
01077,25.9,0.05071577767588772
01079,30.0,0.043589931753137155
01081,22.3,0.04759778789100755
01083,26.3,0.034600639757771105
01085,31.4,0.08823529411764706
01087,23.7,0.09534337432637834
01089,22.1,0.03955620459186456
01091,26.4,0.10205115219042796
01093,25.9,0.041643112869794614
01095,25.5,0.04355577498011465
01097,26.1,0.05966659450097424
01099,25.5,0.042509846529947035
01101,21.6,0.06554973134459023
01103,24.9,0.04757340946166395
01105,28.0,0.07965116279069767
01107,32.6,0.07111176818450621
01109,20.3,0.05743351489907081
01111,28.9,0.044223924064286484
01113,26.3,0.08029075110702648
01115,30.7,0.030193408721907313
01117,29.5,0.025084613082218588
01119,23.2,0.09496164213145346
01121,28.0,0.06880870288907383
01123,25.2,0.05791754509252752
01125,23.3,0.0575223204370808
01127,31.2,0.04951158027414527
01129,34.3,0.050981049807144053
01131,28.3,0.10362694300518134
01133,28.2,0.049469214437367307
02013,5.6,0.22105263157894736
02016,6.4,0.053347280334728034
02020,18.8,0.05851911194600219
02050,7.4,0.5766362883181442
02060,9.2,0.07560137457044673
02063,9.2,0.06675987416987067
02066,29.4,0.06048053024026512
02068,15.5,0.12389380530973451
02070,8.7,0.353528153955809
02090,19.2,0.04576583514398086
02100,12.5,0.03995560488346282
02105,12.6,0.2857142857142857
02110,15.1,0.09531404268246374
02122,20.7,0.04878749333223913
02130,14.6,0.10502442428471738
02150,10.1,0.07607758620689656
02158,6.3,0.8293319415448852
02164,13.3,0.4351851851851852
02170,34.8,0.03809977676891821
02180,6.3,0.55859375
02185,13.0,0.3700131521262604
02188,5.9,0.646027397260274
02195,6.8,0.11086797957695113
02198,12.7,0.10830921868540719
02220,13.0,0.10988372093023256
02230,4.9,0.1
02240,15.9,0.06607929515418502
02275,8.5,0.08709016393442623
02282,5.5,0.13592233009708737
02290,11.0,0.36977351916376305
04001,28.1,0.11535545023696682
04003,23.4,0.053254089678710134
04005,19.3,0.05618854094851047
04007,21.9,0.06369211249735673
04009,22.8,0.05044719912129295
04011,19.1,0.02478418267891952
04012,13.2,0.04464784016073223
04013,26.0,0.05093326615419461
04015,19.9,0.039167230541417825
04017,25.0,0.0845668072785363
04019,24.3,0.07142090369027036
04021,31.8,0.03850738341248911
04023,24.2,0.04992337616409289
04025,23.5,0.038459116384933024
04027,21.3,0.0553812026568861
05001,18.7,0.08650260999254288
05003,23.9,0.0878194671016857
05005,19.4,0.045586107091172216
05007,21.6,0.0276807333875392
05009,20.2,0.06821584325977999
05011,24.4,0.09301705756929637
05013,26.2,0.016568047337278107
05015,21.9,0.05111483211421521
05017,19.5,0.1008827238335435
05019,21.4,0.06132249722940525
05021,23.3,0.060621159275867795
05023,26.6,0.0528416650826839
05025,27.1,0.0678949164107813
05027,22.3,0.03424901890831252
05029,28.1,0.07802874743326489
05031,19.6,0.064473299277629
05033,24.4,0.04182900201224472
05035,22.5,0.10690545514475636
05037,25.5,0.09964522597562857
05039,25.2,0.07584050039093042
05041,20.8,0.1455531453362256
05043,21.0,0.0717065036131184
05045,25.5,0.04344034557585836
05047,23.2,0.0720771850170261
05049,28.2,0.04603741854109733
05051,21.4,0.05635834840955412
05053,30.5,0.025508741759816565
05055,22.8,0.052239635434033566
05057,21.2,0.09386281588447654
05059,29.9,0.05345247766043867
05061,19.8,0.051981169085916046
05063,19.5,0.06530946850662658
05065,27.6,0.05638379204892966
05067,20.2,0.08788676761026991
05069,22.7,0.07528000999292168
05071,19.3,0.054187669639395114
05073,29.7,0.06178489702517163
05075,25.7,0.05171631634659005
05077,23.1,0.16654275092936802
05079,21.5,0.066815144766147
05081,30.8,0.05228215767634855
05083,26.9,0.04424363337636428
05085,29.5,0.040554738390418156
05087,32.2,0.03899118056630048
05089,26.0,0.02831419624217119
05091,20.1,0.08454061984228865
05093,19.8,0.1124773492104582
05095,29.2,0.14480286738351256
05097,33.3,0.053028263795423955
05099,26.3,0.022762227007074746
05101,33.9,0.029569046870084933
05103,22.0,0.09763450834879406
05105,33.4,0.0449438202247191
05107,19.9,0.1696828822845758
05109,29.9,0.030867221950024497
05111,24.3,0.11476342129208371
05113,21.0,0.06356039503671816
05115,20.1,0.045342533267619514
05117,26.6,0.06326781326781326
05119,20.3,0.07151018798322593
05121,23.8,0.054267793836923914
05123,23.0,0.13259668508287292
05125,25.3,0.031751090572276555
05127,25.8,0.07327478042659975
05129,30.4,0.059430716296528
05131,19.3,0.06000268296889672
05133,25.1,0.04411241551049449
05135,27.5,0.04973745624270712
05137,23.9,0.08855948308627898
05139,20.1,0.06552459672043727
05141,33.2,0.06391280947255112
05143,20.9,0.0409120842937109
05145,22.4,0.05545242836410274
05147,22.2,0.1474739970282318
05149,21.8,0.06476030277544155
06001,31.0,0.100313249064766
06003,32.7,0.05747126436781609
06005,34.0,0.04002237275495619
06007,21.0,0.060291434607259456
06009,34.2,0.023159950100341706
06011,24.2,0.0463258785942492
06013,35.3,0.05213347908025009
06015,19.6,0.08244066372610796
06017,28.6,0.03630635951959047
06019,23.5,0.06984866123399301
06021,22.9,0.042609582059123345
06023,19.0,0.06063144095262372
06025,22.1,0.06133671742808799
06027,16.0,0.0554726368159204
06029,24.4,0.06668281092615405
06031,23.0,0.0579542359030237
06033,32.4,0.05564216778025241
06035,19.5,0.06283118849356548
06037,30.4,0.08859901025889746
06039,27.9,0.04997906520637299
06041,27.4,0.049088508804286626
06043,33.9,0.04621736814064997
06045,21.5,0.07278571838585615
06047,31.3,0.07308116901981292
06049,22.5,0.04713804713804714
06051,17.1,0.041434540389972144
06053,25.4,0.04727939678011005
06055,24.9,0.048208508329481745
06057,23.6,0.04227225008748396
06059,26.7,0.047622257516436436
06061,27.4,0.041796978867265154
06063,19.8,0.06568164887012665
06065,33.8,0.043007216235562695
06067,27.3,0.06573074141460485
06069,36.6,0.0302514469140606
06071,32.6,0.046266566901017166
06073,25.5,0.05490413036017069
06075,30.4,0.30162101272082864
06077,34.1,0.05108256880733945
06079,22.3,0.03786197638420865
06081,26.4,0.057594197088711475
06083,20.8,0.05936179883428694
06085,26.2,0.05983138015600142
06087,25.7,0.05187929575429833
06089,19.8,0.0633984725965858
06091,24.3,0.06480721903199343
06093,21.2,0.06127155511295141
06095,31.0,0.049494641678094364
06097,25.1,0.04828846375354716
06099,30.8,0.05556742413168873
06101,27.1,0.05535864471945212
06103,23.4,0.06140067774729708
06105,27.2,0.05514771709937332
06107,23.7,0.045301861098502046
06109,30.0,0.051828999559277215
06111,25.6,0.04137180767584534
06113,24.0,0.07616079694365849
06115,32.4,0.06355858215470578
08001,29.8,0.04662745721400943
08003,15.9,0.07882069795427196
08005,27.1,0.05347701685637868
08007,22.2,0.03614254348927546
08009,12.1,0.05491852745926373
08011,22.2,0.030933333333333334
08013,22.3,0.05167581455097513
08014,25.5,0.03768891687657431
08015,18.1,0.01652641184223867
08017,15.1,0.0025477707006369425
08019,28.4,0.04404532820183878
08021,23.4,0.04804045512010114
08023,26.1,0.05390672319806178
08025,28.9,0.04712041884816754
08027,36.9,0.04491017964071856
08029,24.2,0.05085268925071379
08031,24.9,0.10310409387409518
08033,17.6,0.07097288676236045
08035,27.1,0.02439268362389254
08037,22.2,0.053223320337292594
08039,41.3,0.01329468212714914
08041,23.5,0.038395533960508633
08043,24.7,0.04544948820649755
08045,31.4,0.051786019483848915
08047,32.1,0.05285073670723895
08049,24.4,0.014046822742474917
08051,20.2,0.02354603249352484
08053,7.6,0.015655577299412915
08055,21.1,0.03225806451612903
08057,12.2,0.031914893617021274
08059,26.0,0.03984528512627464
08061,17.3,0.03076923076923077
08063,16.9,0.05904696132596685
08065,25.7,0.04105960264900662
08067,20.3,0.027237673312002626
08069,23.4,0.03612739249961098
08071,19.5,0.07108859204667588
08073,22.8,0.049213597158802636
08075,17.4,0.06948677313178106
08077,18.9,0.060033419413641195
08079,12.4,0.03626943005181347
08081,20.5,0.04638218923933209
08083,20.4,0.04951637234892182
08085,21.1,0.03564115335657756
08087,23.3,0.06504652633480892
08089,21.2,0.0759493670886076
08091,27.3,0.012962256957682043
08093,39.0,0.025923453493546952
08095,20.2,0.05430327868852459
08097,19.9,0.03971785132935431
08099,11.8,0.07014578491443059
08101,21.9,0.06899873035331203
08103,17.4,0.039572192513368985
08105,19.2,0.07227742061172804
08107,20.1,0.017019767751085896
08109,17.5,0.03709155136885487
08111,14.8,0.02506265664160401
08113,16.7,0.12945264986967853
08115,18.2,0.04500978473581213
08117,20.8,0.0219210840972499
08119,31.7,0.031197301854974706
08121,22.9,0.051690821256038647
08123,27.9,0.035747906056144245
08125,15.6,0.05419323197645905
09110,23.6,0.09800492440803553
09120,31.3,0.1117751790893817
09130,26.0,0.05443646379003078
09140,28.3,0.09050833907037686
09150,29.0,0.04800568354815792
09160,26.9,0.05377782422405685
09170,23.5,0.11371942099855639
09180,23.9,0.07372503627945547
09190,30.8,0.06236325245667625
10001,26.5,0.0657902105734767
10003,25.3,0.07465662680162197
10005,27.3,0.033182702154245076
11001,30.0,0.36010551910530647
12001,21.8,0.0844279280050691
12003,29.9,0.04789961811238407
12005,23.9,0.04272766508416055
12007,32.4,0.06165121793489976
12009,25.4,0.04941888666834824
12011,29.1,0.0676843211009661
12013,29.9,0.05737704918032787
12015,26.9,0.044907335822049435
12017,27.8,0.043189182365235446
12019,31.3,0.035863189458468225
12021,26.1,0.04570911831198191
12023,25.8,0.05453882610280714
12027,30.5,0.07485963817841547
12029,22.4,0.030949326491340603
12031,24.1,0.07157069626717542
12033,23.5,0.07048137211591372
12035,27.4,0.0395952987714427
12037,19.3,0.08143059203879571
12039,30.3,0.11421289710763395
12041,31.6,0.0669836386519368
12043,32.2,0.019555555555555555
12045,24.1,0.03667563930013459
12047,30.0,0.036440084092501754
12049,26.8,0.0602263049032729
12051,31.4,0.08082094833687191
12053,31.4,0.045153076689906035
12055,23.8,0.05565391753237057
12057,28.8,0.058476453723645044
12059,34.7,0.032520325203252036
12061,23.8,0.045625282422051515
12063,27.4,0.03710349617967122
12065,29.4,0.11058946270213876
12067,30.1,0.04673252279635259
12069,30.2,0.04116184489686742
12071,29.4,0.049959884442790335
12073,21.1,0.0712089202835306
12075,30.4,0.052257299859928885
12077,33.2,0.08661724541552868
12079,29.8,0.06665711009174312
12081,27.3,0.043695225378648575
12083,26.8,0.047658614394624
12085,28.4,0.04297871712806596
12086,30.9,0.0983021516058359
12087,19.5,0.061415491934311874
12089,30.1,0.030121861246088483
12091,26.3,0.035850183231668054
12093,28.4,0.04651624429299279
12095,28.0,0.057033665797611106
12097,35.2,0.04304802722803479
12099,26.5,0.06040665312257404
12101,31.1,0.04691674817816508
12103,25.2,0.0692529050838676
12105,30.5,0.05396562149088711
12107,29.6,0.06817602040816327
12109,26.9,0.0306147123339724
12111,29.3,0.04446610841524012
12113,30.5,0.03360650092968804
12115,24.5,0.04092288552524929
12117,26.8,0.038900281978979746
12119,28.9,0.03077448164054723
12121,29.2,0.05914846077457796
12123,21.3,0.08036609829488466
12125,37.2,0.02015755329008341
12127,27.5,0.05338162154117107
12129,32.3,0.03209101608473911
12131,29.4,0.035038705546824984
12133,36.1,0.02874986540325186
13001,27.0,0.06310950125383115
13003,24.2,0.0633147113594041
13005,26.4,0.07730732635585157
13007,24.8,0.06227436823104693
13009,25.3,0.0785791822458087
13011,32.7,0.024212368728121353
13013,33.5,0.03121244600344279
13015,29.4,0.02662975575099831
13017,16.8,0.06311776334368822
13019,24.6,0.03392476933995742
13021,22.2,0.11263163164833698
13023,25.6,0.08174692049272117
13025,30.5,0.05288680103045916
13027,24.7,0.0829477858559154
13029,32.0,0.03493344576281395
13031,25.2,0.05558076225045372
13033,28.0,0.0896123693379791
13035,29.0,0.04306006039592887
13037,24.4,0.10671688637790333
13039,28.3,0.04448439588807449
13043,23.4,0.03588631984585742
13045,29.7,0.03931437899605496
13047,24.5,0.04284695906652159
13049,28.7,0.06975088967971531
13051,23.0,0.0759492619389781
13053,10.5,0.030010718113612004
13055,28.1,0.07646930303692374
13057,31.3,0.023642059223358356
13059,20.7,0.06319095015976788
13061,23.2,0.08448415922014622
13063,31.6,0.07066197222982604
13065,27.8,0.1457990115321252
13067,29.4,0.0389295062120833
13069,18.7,0.06879927031076943
13071,21.1,0.061893709456644644
13073,24.9,0.0310069085568188
13075,25.6,0.05171319796954315
13077,29.8,0.0315237672145713
13079,33.0,0.04571042557982436
13081,20.6,0.1569296914516945
13083,27.2,0.02761795166858458
13085,30.8,0.0156398513782079
13087,21.4,0.0691083702099614
13089,30.4,0.07345799142874053
13091,26.3,0.04243569248655719
13093,23.1,0.0731828330439097
13095,20.0,0.1087806301050175
13097,33.2,0.0313562088365752
13099,21.0,0.09090909090909091
13101,29.2,0.01921397379912664
13103,32.3,0.028245563470169228
13105,24.1,0.07199140401146131
13107,28.5,0.08229066410009625
13109,28.0,0.06548933038999265
13111,26.0,0.029520605550883094
13113,31.4,0.031852134317310064
13115,23.3,0.0731224224006946
13117,30.6,0.019521509603504437
13119,27.0,0.05570380253502335
13121,27.7,0.1004538564827528
13123,28.9,0.029197080291970802
13125,49.6,0.0859073359073359
13127,20.0,0.044818951692316346
13129,25.3,0.036350009368559116
13131,26.2,0.05292837356549268
13133,28.4,0.04440107343254452
13135,32.8,0.03751188681610675
13137,27.7,0.04154479794663642
13139,27.3,0.06271838588190508
13141,35.4,0.08418891170431211
13143,33.8,0.033710734655656764
13145,26.1,0.01351040147386198
13147,26.8,0.061627696211709264
13149,34.9,0.05453701554885124
13151,33.1,0.023620594205572984
13153,22.8,0.042458223050539534
13155,23.5,0.033714126497631655
13157,31.3,0.023096965002464616
13159,39.2,0.04258172673931266
13161,22.1,0.09226841721371262
13163,28.2,0.08120326899669622
13165,29.8,0.06312189054726368
13167,28.1,0.06807584706248057
13169,29.8,0.044502132393843874
13171,31.8,0.0433197812981915
13173,24.7,0.07235142118863049
13175,24.6,0.06255378657487091
13177,23.1,0.027508749084398144
13179,23.9,0.044753729477456455
13181,31.2,0.07107107107107107
13183,29.8,0.06572541382667965
13185,19.5,0.06532772307291893
13187,28.3,0.02330962378952781
13189,22.7,0.04761320407411952
13191,37.5,0.0645352279455299
13193,22.6,0.13664896185417671
13195,29.5,0.03300124533001245
13197,32.3,0.04652730950775455
13199,34.3,0.06363961387200572
13201,24.1,0.10532452390205985
13205,25.5,0.12056828362984769
13207,25.4,0.036384309266628764
13209,25.2,0.047725103404390706
13211,28.5,0.021921182266009854
13213,28.4,0.05201364292273383
13215,20.9,0.108788306823067
13217,35.9,0.03375967769337184
13219,24.7,0.007869814592503669
13221,32.8,0.033450378857882095
13223,39.6,0.024913344887348355
13225,24.5,0.04953764861294584
13227,33.5,0.028220402084884588
13229,26.4,0.05128205128205128
13231,35.7,0.02574021722957893
13233,30.5,0.04974529903779636
13235,25.6,0.059300699300699304
13237,31.1,0.046190704360325824
13239,25.0,0.13120899718837864
13241,23.1,0.04464871963230466
13243,24.8,0.2496279761904762
13245,21.4,0.09854747437869976
13247,33.7,0.0316229636727938
13249,29.3,0.057962172056131786
13251,30.7,0.06447688564476886
13253,24.1,0.10485797717016193
13255,25.7,0.0622190321483888
13257,23.8,0.053021664766248575
13259,25.8,0.18407679277244496
13261,19.9,0.11642089932641544
13263,42.9,0.09648082245947015
13265,32.8,0.05782312925170068
13267,28.1,0.06304062909567497
13269,32.7,0.15539477823214848
13271,27.2,0.1414503133393017
13273,22.6,0.11794265444871416
13275,20.1,0.05865981588524941
13277,21.6,0.07340153452685422
13279,21.2,0.10394850610048996
13281,23.7,0.037474679270763
13283,30.0,0.054400707651481646
13285,23.1,0.09414956883734761
13287,24.5,0.07921092564491654
13289,27.9,0.08102493074792244
13291,21.8,0.05422106179286336
13293,26.3,0.1171307220386975
13295,29.4,0.036615442989944985
13297,34.4,0.0269612641588589
13299,20.6,0.1596820251601451
13301,28.1,0.07582260371959942
13303,23.3,0.06753069577080491
13305,28.0,0.1018895217430612
13307,33.8,0.0771055753262159
13309,25.5,0.09287925696594428
13311,30.4,0.026283903439276727
13313,21.8,0.06051474181462779
13315,35.0,0.09143075745983167
13317,32.6,0.061698524074522136
13319,26.9,0.06593723006046645
13321,28.4,0.06460783046905284
15001,27.4,0.04815584836375419
15003,26.7,0.0967662924796676
15005,16.8,0.15
15007,22.4,0.03964962762356127
15009,23.0,0.0542432979352089
16001,21.2,0.03783887865786524
16003,19.7,0.02027027027027027
16005,17.6,0.04974694849657636
16007,30.0,0.017120280948200176
16009,23.8,0.029715127701375247
16011,22.2,0.04494173072154724
16013,18.7,0.013156631134159224
16015,38.0,0.025883662677428334
16017,24.2,0.04846423112951733
16019,20.8,0.030825638240086908
16021,18.2,0.02100673801030519
16023,22.0,0.05684995340167754
16025,42.7,0.04054054054054054
16027,25.3,0.034298063181865714
16029,21.1,0.023039611964430072
16031,17.9,0.04638022366097704
16033,24.0,0.0
16035,22.5,0.035753575357535754
16037,17.3,0.03654143077714874
16039,22.0,0.04228788289509352
16041,24.9,0.025141930251419302
16043,24.1,0.017834121186076492
16045,30.3,0.029307863404422346
16047,21.7,0.028586460890915467
16049,19.9,0.03025383707201889
16051,25.1,0.01333464065104422
16053,21.7,0.032378881237163225
16055,22.8,0.041575338616309784
16057,18.7,0.04038106945298095
16059,15.5,0.05378831694621168
16061,21.4,0.03430749682337993
16063,33.6,0.010822510822510822
16065,16.4,0.02086147381059583
16067,17.4,0.05587763661033675
16069,16.7,0.056629994209612046
16071,26.6,0.012493492972410203
16073,27.7,0.034800645309979256
16075,23.1,0.03735039207593892
16077,16.3,0.03197158081705151
16079,21.6,0.045115391289259066
16081,33.9,0.013683985460765448
16083,17.8,0.02874489267422455
16085,18.7,0.041685965724872626
16087,18.6,0.04902427415516421
17001,16.9,0.07461938026150815
17003,30.6,0.10084033613445378
17005,23.6,0.06767528875874411
17007,26.6,0.04229188078108941
17009,15.9,0.08525232729054386
17011,21.1,0.06665240946678072
17013,47.7,0.02744148506860371
17015,24.6,0.033444816053511704
17017,21.0,0.045436817472698905
17019,16.9,0.12811213028828156
17021,22.0,0.06050345944354483
17023,25.2,0.05156369183829138
17025,25.0,0.04876671060064018
17027,25.9,0.031640356897735075
17029,18.2,0.08653476757587399
17031,31.5,0.18010408383843673
17033,18.1,0.0605979711692472
17035,23.5,0.04764184821642327
17037,26.7,0.0638432364096081
17039,23.3,0.03836239575435936
17041,20.4,0.1081777205408886
17043,27.7,0.045624048489271804
17045,17.9,0.07982027223470332
17047,23.4,0.03900975243810953
17049,18.1,0.05684180345494946
17051,25.5,0.05541336063475813
17053,24.6,0.09059711736444749
17055,26.9,0.06283695854248002
17057,25.8,0.05328017397607829
17059,26.1,0.0767397521448999
17061,29.0,0.04649595687331536
17063,26.8,0.04000971109492595
17065,26.8,0.054030115146147036
17067,24.1,0.05372389334033889
17069,28.2,0.08996763754045307
17071,26.1,0.04363905325443787
17073,22.2,0.06600236779794791
17075,25.0,0.04500568032858516
17077,20.3,0.11531256806795905
17079,28.1,0.044521460943748335
17081,19.6,0.06288798920377868
17083,27.1,0.04657878217200251
17085,22.1,0.07015686651910306
17087,28.4,0.04316020482809071
17089,27.8,0.046544237869912186
17091,24.9,0.06586008391062542
17093,31.6,0.021555144141761438
17095,20.4,0.08592408926187298
17097,28.5,0.04568300090924919
17099,26.0,0.05985938774160845
17101,20.8,0.05720029239766082
17103,24.6,0.06560695808652621
17105,21.6,0.055490933971946634
17107,21.0,0.06816971418427126
17109,18.6,0.09379217273954116
17111,30.1,0.034661632396210694
17113,18.3,0.05931358587297066
17115,19.4,0.09487439035612405
17117,27.5,0.044549385525716884
17119,24.9,0.05655837434398097
17121,21.1,0.06981691593604951
17123,28.9,0.036120926580290535
17125,30.4,0.07870610620999827
17127,20.3,0.05112699285321605
17129,26.1,0.05508798775822494
17131,28.1,0.028484386900228486
17133,28.3,0.04028589993502274
17135,22.8,0.0655534941249227
17137,18.7,0.05536861425512389
17139,20.9,0.13323018738181194
17141,26.0,0.05494452716007877
17143,19.2,0.08056073564401003
17145,24.3,0.06514285714285714
17147,24.0,0.02050837666088966
17149,23.4,0.034199497066219615
17151,29.3,0.054873646209386284
17153,29.4,0.07371134020618557
17155,28.1,0.032454361054766734
17157,23.1,0.06730849727919631
17159,19.7,0.08443271767810026
17161,19.7,0.08562681223980691
17163,24.0,0.07503520218947703
17165,23.1,0.09606943335993616
17167,19.7,0.07595384724286827
17169,19.7,0.04974396488661302
17171,24.2,0.04838709677419355
17173,20.8,0.04911415115496748
17175,25.7,0.02450765864332604
17177,20.7,0.07883045769191033
17179,20.8,0.05509611293038057
17181,24.4,0.09551543389633081
17183,20.1,0.09134423613881133
17185,23.7,0.10991561181434599
17187,18.8,0.06925003683512597
17189,26.7,0.02622950819672131
17191,24.2,0.07194873288668803
17193,24.4,0.09467559943582511
17195,20.3,0.05813148788927336
17197,31.4,0.03897688242253544
17199,23.5,0.05986267812165753
17201,23.0,0.08586894685124209
17203,25.0,0.03261831801157644
18001,24.6,0.13111845818885573
18003,21.9,0.06811649741329756
18005,21.5,0.05215983692556731
18007,25.4,0.04777070063694268
18009,27.1,0.09510922095495844
18011,23.6,0.023836035910640964
18013,36.0,0.034950597257041735
18015,25.2,0.04551638837353123
18017,22.3,0.049544457006051736
18019,22.2,0.050427383786737445
18021,29.1,0.04171011470281543
18023,21.7,0.040653008962868116
18025,37.4,0.05194238323876037
18027,21.4,0.13644828169967835
18029,29.8,0.04102159550340203
18031,24.0,0.032393577296489916
18033,21.3,0.05820074871314927
18035,21.2,0.07151504669664475
18037,19.8,0.04188005007397291
18039,20.0,0.07769433957045457
18041,26.8,0.07323285926554872
18043,23.1,0.057682667000877305
18045,25.1,0.03212793545598617
18047,36.0,0.06492237542069265
18049,23.8,0.05986833933672836
18051,20.6,0.04048221461527013
18053,22.0,0.0637582639226086
18055,30.0,0.062027924010070956
18057,25.9,0.023751930755107394
18059,27.7,0.029724562346896098
18061,30.5,0.03981415757888623
18063,25.3,0.03303531515422441
18065,25.8,0.05707542109215749
18067,20.4,0.07296378501390723
18069,22.0,0.046679218334090763
18071,22.6,0.05700738780460911
18073,28.8,0.023128185025480204
18075,22.5,0.08184962213398232
18077,22.2,0.03401094605160281
18079,26.1,0.054733187134502925
18081,26.4,0.0332992294657416
18083,19.7,0.0753510448941921
18085,20.3,0.05548944698440533
18087,21.8,0.2918508180196945
18089,28.5,0.071931532824271
18091,25.0,0.04764742282217588
18093,27.2,0.04844525738176117
18095,26.3,0.06071609051264295
18097,24.5,0.08280307268150397
18099,22.3,0.06616736118932312
18101,28.5,0.045081967213114756
18103,25.6,0.05143414927166241
18105,19.6,0.08363157539334189
18107,22.8,0.0555697987437508
18109,31.5,0.03631670143923053
18111,33.0,0.030213063220398184
18113,26.1,0.10105066285274218
18115,34.3,0.053455517373043146
18117,25.3,0.0671267252195734
18119,35.5,0.031213738686470177
18121,30.4,0.08524483487880266
18123,23.9,0.05529775715390565
18125,26.6,0.04162517426807409
18127,28.4,0.03380002622415828
18129,23.4,0.03095034652995348
18131,25.9,0.0602020202020202
18133,27.5,0.03528496676566256
18135,24.3,0.06599768429177924
18137,26.8,0.043708264677824994
18139,26.3,0.05232730506967092
18141,21.1,0.06716891060306568
18143,24.7,0.03543866774979691
18145,23.9,0.054146341463414634
18147,26.0,0.02735825699430552
18149,29.8,0.06623622397862629
18151,21.0,0.053848342580736945
18153,25.2,0.04915730337078652
18155,32.9,0.06503225806451612
18157,17.9,0.0966652596032081
18159,28.1,0.023779125438876475
18161,26.6,0.04421768707482993
18163,19.7,0.0798006899195094
18165,27.3,0.05110706703063391
18167,19.9,0.07936507936507936
18169,21.5,0.04505286413129241
18171,25.6,0.020541827924977673
18173,23.3,0.030044112387235228
18175,31.5,0.04256834980853148
18177,21.8,0.08908248378127896
18179,24.2,0.040793348345747445
18181,23.4,0.03218256290228204
18183,22.6,0.03941834770831849
19001,20.4,0.04357231149567367
19003,19.1,0.05454545454545454
19005,22.2,0.0373109243697479
19007,20.6,0.06924408540103866
19009,19.0,0.07550077041602465
19011,24.9,0.03332679866692805
19013,15.9,0.06332129831570844
19015,22.5,0.054681784930504754
19017,20.1,0.025730753396459447
19019,23.5,0.06616577799321377
19021,14.0,0.016697588126159554
19023,24.7,0.03564727954971857
19025,22.3,0.03431004257450539
19027,15.7,0.04874446085672083
19029,15.1,0.05732375085557837
19031,26.7,0.025583836263447915
19033,15.6,0.05010748285392568
19035,16.7,0.05728444003964321
19037,19.4,0.029617770662397437
19039,24.3,0.12527634487840825
19041,17.8,0.05506728920626201
19043,23.1,0.0687175389532561
19045,21.7,0.07197785296831744
19047,17.2,0.03395987995577318
19049,21.2,0.028513573968119422
19051,25.8,0.15620118712902217
19053,22.5,0.07495908346972177
19055,20.3,0.0854932826706473
19057,18.0,0.07294213528932356
19059,16.7,0.04364047484454494
19061,16.7,0.060528434458025325
19063,20.9,0.060792517843957665
19065,22.5,0.05742028290577799
19067,18.9,0.06658465323696755
19069,20.5,0.04121010004764174
19071,22.3,0.02373361671980163
19073,23.0,0.03212646608873024
19075,23.5,0.03244088333007621
19077,27.1,0.04043478260869565
19079,21.4,0.046627292508548336
19081,19.1,0.05071688422854697
19083,21.6,0.052571753339016765
19085,26.2,0.04072918377401872
19087,19.6,0.048273155416012556
19089,23.2,0.04850251789027299
19091,19.7,0.04811566721972031
19093,16.1,0.04622950819672131
19095,22.2,0.03502677666811405
19097,24.8,0.051807813637466636
19099,23.3,0.04397068620919387
19101,15.9,0.0752301495972382
19103,19.4,0.07132820763802276
19105,24.7,0.029519394974383995
19107,26.5,0.04252704031465093
19109,16.3,0.06113403637475164
19111,20.4,0.049640438455630806
19113,19.3,0.048723849372384935
19115,27.3,0.05451970734009913
19117,22.8,0.07740021574973031
19119,18.9,0.03572225943290913
19121,28.7,0.06645758661887693
19123,18.0,0.039574516756262154
19125,21.0,0.034019224992490237
19127,19.9,0.05536912751677853
19129,25.6,0.04838709677419355
19131,18.5,0.03045464433326082
19133,22.6,0.04203197524497163
19135,29.4,0.05600517966979605
19137,22.3,0.03991275899672846
19139,19.0,0.03816661862208129
19141,19.0,0.04734033396453779
19143,18.2,0.01442672741078208
19145,17.8,0.07529976019184652
19147,17.2,0.03437334743521946
19149,19.2,0.03771938330262775
19151,20.7,0.04633333333333333
19153,20.0,0.05844427779779702
19155,19.8,0.0633069443706498
19157,18.6,0.0721424910302409
19159,22.9,0.06003159557661927
19161,21.7,0.052766155276615524
19163,20.3,0.0671525460810589
19165,18.5,0.031954117165096274
19167,13.5,0.029314420803782507
19169,17.8,0.05798889574336829
19171,22.7,0.02544642857142857
19173,20.9,0.0430064308681672
19175,15.8,0.05922595777951525
19177,22.5,0.10151933701657459
19179,20.0,0.06594270200757305
19181,24.1,0.03317375114850815
19183,23.5,0.0475925100312082
19185,25.4,0.06705653021442495
19187,20.2,0.06731707317073171
19189,14.7,0.05839258780435251
19191,18.1,0.045214399803415656
19193,18.1,0.061156293766431606
19195,21.4,0.046255506607929514
19197,20.2,0.044461049878572766
20001,18.4,0.07683097186190381
20003,28.0,0.07169576059850374
20005,21.2,0.07672188317349608
20007,15.1,0.03282275711159737
20009,15.2,0.044701348747591525
20011,19.6,0.04195205479452055
20013,17.4,0.04665260938323669
20015,23.8,0.03950588049569816
20017,20.6,0.04882301656495205
20019,22.2,0.03982300884955752
20021,20.0,0.049448459490300495
20023,13.1,0.028925619834710745
20025,18.2,0.02918781725888325
20027,24.0,0.06785917092561045
20029,16.5,0.06493846556690233
20031,21.8,0.05246826516220028
20033,13.4,0.03398058252427184
20035,21.1,0.07036677373571375
20037,17.8,0.07526202803384266
20039,17.9,0.03843255463451394
20041,22.1,0.04653193612774451
20043,21.6,0.027165932452276064
20045,20.8,0.07509026703170257
20047,19.7,0.06110154905335628
20049,33.7,0.07207207207207207
20051,12.9,0.038200963186678635
20053,19.2,0.030167142274765593
20055,14.7,0.05472824854486356
20057,12.7,0.0422177009155646
20059,23.4,0.03112690940532232
20061,17.5,0.061873145924565616
20063,16.5,0.015410958904109588
20065,12.3,0.03442485306465155
20067,32.3,0.05128205128205128
20069,18.0,0.023408239700374533
20071,15.4,0.04436229205175601
20073,24.1,0.056264066016504126
20075,15.2,0.017173051519154558
20077,16.3,0.04578422484134179
20079,20.7,0.045328467153284674
20081,18.1,0.03421240199572345
20083,15.1,0.035868005738880916
20085,28.1,0.06144025533612607
20087,30.1,0.04249865083648138
20089,16.5,0.018223234624145785
20091,20.6,0.03474117444325555
20093,21.5,0.019621583742116328
20095,22.7,0.04801010739102969
20097,13.1,0.027225130890052355
20099,16.7,0.053354790789799454
20101,12.8,0.015514809590973202
20103,23.9,0.048335764487468506
20105,19.0,0.028951486697965573
20107,34.7,0.05013799448022079
20109,18.2,0.046736502820306204
20111,14.8,0.05719160299681032
20113,14.8,0.029435948034862686
20115,22.0,0.03452631578947368
20117,16.4,0.04525862068965517
20119,17.2,0.045938748335552594
20121,30.0,0.021837239772892706
20123,13.6,0.075
20125,18.9,0.06762422360248448
20127,22.4,0.058823529411764705
20129,16.8,0.0257201646090535
20131,14.8,0.04316546762589928
20133,16.2,0.04610148514851485
20135,15.6,0.02153316106804479
20137,11.0,0.0245
20139,28.5,0.029695273631840796
20141,13.8,0.023432552248258392
20143,23.8,0.03280730897009967
20145,19.7,0.07068172312839816
20147,19.4,0.045314562252529694
20149,23.2,0.01737554631702377
20151,12.2,0.05536332179930796
20153,13.7,0.021367521367521368
20155,17.5,0.04814004376367615
20157,17.0,0.05511022044088176
20159,20.9,0.03796445880452343
20161,16.3,0.03989889871818018
20163,14.1,0.06413857677902622
20165,22.4,0.03604902667627974
20167,13.2,0.02935483870967742
20169,15.8,0.07041690716156818
20171,10.4,0.03232852774137178
20173,19.3,0.057092973767701
20175,14.7,0.096045197740113
20177,17.9,0.0736171115057383
20179,15.7,0.02127659574468085
20181,15.4,0.03389138423846468
20183,14.3,0.03929024081115336
20185,21.9,0.02026599113362888
20187,12.8,0.06775700934579439
20189,16.1,0.036016949152542374
20191,24.3,0.0620958751393534
20193,11.7,0.03759158967824148
20195,16.6,0.026335040234089245
20197,28.3,0.02645305514157973
20199,16.0,0.015025041736227046
20201,20.3,0.024441635061104087
20203,11.0,0.043689320388349516
20205,20.3,0.056013647995450666
20207,20.5,0.05741626794258373
20209,22.3,0.0694746759364543
21001,23.8,0.06109865470852018
21003,27.3,0.05550715619166148
21005,30.4,0.0379156738837667
21007,26.5,0.04206918043004051
21009,23.4,0.088860520619415
21011,30.0,0.09088974031502767
21013,22.7,0.10604688600462824
21015,25.0,0.035123520985813235
21017,25.4,0.049791000737644454
21019,22.1,0.08415764669325185
21021,21.3,0.058447488584474884
21023,34.5,0.029429250891795482
21025,28.2,0.1524524158125915
21027,32.7,0.041888709877308215
21029,28.7,0.04044476643462375
21031,27.2,0.08232975695204729
21033,24.4,0.057114427860696516
21035,17.3,0.049543933328958595
21037,23.5,0.05650999184339315
21039,26.1,0.027882037533512063
21041,23.3,0.07371948300622308
21043,30.4,0.08273114693348156
21045,29.2,0.09611231101511879
21047,20.1,0.07770651117589893
21049,24.2,0.07837927598804384
21051,29.1,0.13199780461031832
21053,20.4,0.03347171769590036
21055,24.7,0.05955405023990968
21057,19.2,0.0935361216730038
21059,19.3,0.06885371886932923
21061,32.9,0.047068052559325356
21063,41.0,0.0930327868852459
21065,35.3,0.0689539748953975
21067,20.9,0.07196077729663959
21069,33.1,0.09233657620754394
21071,27.1,0.10523809523809524
21073,20.0,0.05951228101065235
21075,20.9,0.17019607843137255
21077,29.5,0.05329249617151608
21079,33.1,0.04719940253920837
21081,26.9,0.04835212489158716
21083,20.7,0.05622745597284108
21085,27.9,0.055681705992694244
21087,27.2,0.03483374802080977
21089,24.1,0.046271795915598074
21091,25.0,0.043705332600329855
21093,22.4,0.0657299090134911
21095,23.8,0.08088714938030006
21097,28.2,0.09474838886603593
21099,28.7,0.08744577006507592
21101,22.8,0.06997084548104957
21103,30.5,0.05856515373352855
21105,21.2,0.05834777585210861
21107,21.3,0.07109854867641463
21109,37.7,0.09039437719640765
21111,22.2,0.08749705930255705
21113,23.8,0.04027519710741727
21115,23.5,0.05232300884955752
21117,22.3,0.0681194056437128
21119,27.1,0.08929541749683029
21121,24.4,0.12432755528989839
21123,28.2,0.0328552368245497
21125,22.6,0.05463410568428071
21127,30.1,0.056133711762850834
21129,43.4,0.13140655105973026
21131,36.8,0.07775939494209406
21133,28.3,0.06487061325771003
21135,38.6,0.03845387527395896
21137,31.1,0.05275631117980423
21139,29.2,0.031917846239245075
21141,28.1,0.061971830985915494
21143,28.3,0.06727113190991518
21145,17.6,0.06191804644759248
21147,32.3,0.1081726667804129
21149,31.4,0.04476792090085142
21151,25.2,0.04863566435453834
21153,30.8,0.08365019011406843
21155,22.4,0.06033143448990161
21157,23.7,0.0494359906124612
21159,32.3,0.08666320705760248
21161,26.8,0.09591922591501893
21163,33.0,0.043245207595166715
21165,29.8,0.07344632768361582
21167,27.2,0.04846966561376757
21169,25.9,0.07780487804878049
21171,28.4,0.04951560818083961
21173,25.7,0.05115856428895956
21175,27.3,0.05591970503891847
21177,27.0,0.051719871318980454
21179,26.6,0.02349869451697128
21181,35.6,0.11419308357348704
21183,28.1,0.05073020753266718
21185,26.2,0.014071661237785017
21187,41.9,0.03598306679209784
21189,31.5,0.1633694958519464
21191,36.4,0.05714810731348769
21193,24.8,0.07203466329662393
21195,25.3,0.09034755394498435
21197,26.6,0.08914405010438413
21199,23.3,0.05123998473864937
21201,29.4,0.014814814814814815
21203,26.4,0.09305172941536578
21205,24.7,0.08423686405337781
21207,19.8,0.06466543242528432
21209,22.2,0.037320024732797455
21211,27.2,0.042469162518935295
21213,21.0,0.03327102803738318
21215,32.7,0.029967159277504107
21217,22.7,0.058187134502923975
21219,27.8,0.10111866637420487
21221,24.3,0.06485148514851485
21223,27.2,0.03015966883500887
21225,22.1,0.055790688726433245
21227,20.3,0.0708624624840501
21229,22.4,0.053173948887056885
21231,24.8,0.06774832796631161
21233,28.7,0.042656916514320534
21235,24.5,0.08396721069344952
21237,32.1,0.1025065469509914
21239,24.0,0.046513778435361565
22001,29.4,0.10489162405538713
22003,26.2,0.07919531448943214
22005,30.2,0.046772704381400035
22007,29.2,0.08958097395243488
22009,36.3,0.09812339865660273
22011,33.2,0.05004728304357314
22013,29.6,0.09809215262778978
22015,22.7,0.07334828631015622
22017,20.4,0.09920539620553194
22019,21.1,0.07187295560373026
22021,29.1,0.08288482238966631
22023,26.0,0.026759167492566897
22025,27.4,0.10184317400812246
22027,30.6,0.14219204655674103
22029,21.1,0.10401298318087931
22031,28.1,0.08891850723533892
22033,23.6,0.08133337093544657
22035,14.3,0.09209017959495605
22037,34.9,0.054991407592563664
22039,34.6,0.11583472653451159
22041,27.4,0.08039867109634552
22043,29.3,0.06881720430107527
22045,25.3,0.12004027446300716
22047,25.7,0.06365084985835694
22049,23.9,0.10114777618364419
22051,24.3,0.07448461325514256
22053,34.1,0.05527013589658601
22055,22.9,0.06605353656481967
22057,27.1,0.06864043218049891
22059,32.6,0.06734006734006734
22061,19.2,0.09460702114999729
22063,33.8,0.038473020374654825
22065,17.2,0.14018997707173272
22067,26.5,0.11628621148531068
22069,22.5,0.09312103666942377
22071,22.6,0.1743603237047638
22073,22.1,0.0859665956512547
22075,25.8,0.01898272085665612
22077,26.3,0.07654469106178764
22079,22.2,0.09359807165910855
22081,28.8,0.08
22083,25.2,0.0867403314917127
22085,33.1,0.10187820147979511
22087,30.9,0.08206424563783217
22089,26.0,0.025419174548581256
22091,38.1,0.10368773946360153
22093,28.3,0.056078483362057535
22095,30.3,0.05194033790918691
22097,29.8,0.09927601528757418
22099,27.2,0.09397824199397313
22101,23.2,0.11330769647402913
22103,31.5,0.04254772463409528
22105,29.6,0.060943479682301585
22107,32.5,0.09505703422053231
22109,24.0,0.06879198613715669
22111,29.8,0.07287259050305595
22113,30.0,0.09799513694545121
22115,22.9,0.062404371584699456
22117,32.6,0.11509370060961842
22119,27.3,0.10339053997488488
22121,25.0,0.05440131219245489
22123,24.3,0.05922077922077922
22125,35.3,0.05067064083457526
22127,30.0,0.08622129436325679
23001,24.4,0.09428577513683897
23003,18.3,0.0857276493385006
23005,23.2,0.06932086435445796
23007,26.8,0.09167652859960553
23009,25.4,0.0619036446112936
23011,25.4,0.07471645308587421
23013,19.6,0.05426314650508548
23015,23.3,0.04490115718418515
23017,28.9,0.06946975973487987
23019,22.7,0.08075619815703532
23021,25.2,0.049016100178890874
23023,25.8,0.0514410798978475
23025,28.0,0.05799474341850144
23027,26.6,0.05844304522037779
23029,21.6,0.06061887643617396
23031,27.7,0.04726898799951867
24001,22.7,0.09141041560149003
24003,28.9,0.04057878156869027
24005,28.0,0.0781878660220372
24009,39.3,0.02952338263857762
24011,33.4,0.05538215286114446
24013,34.4,0.03265147390526561
24015,28.5,0.04860204458677177
24017,41.4,0.03873511293634497
24019,26.9,0.11641813081352428
24021,33.1,0.044182157022028955
24023,23.7,0.07870885673397997
24025,32.1,0.044324377425217346
24027,28.5,0.036269772436294555
24029,25.4,0.05710585187801719
24031,31.9,0.08502607846663755
24033,35.2,0.09172839790190485
24035,33.2,0.03179786004922892
24037,29.9,0.03155339805825243
24039,24.5,0.07618591279348347
24041,24.7,0.0728412341021116
24043,28.8,0.07713397305158982
24045,23.0,0.056659253768223374
24047,23.3,0.05937189260855154
24510,29.1,0.26655662812710235
25001,24.8,0.053631696871720695
25003,21.2,0.09639663106711817
25005,28.5,0.0953448091521437
25007,16.4,0.03177742616033755
25009,28.5,0.0931543332684011
25011,23.8,0.0789673740893253
25013,22.7,0.11998633931620688
25015,23.2,0.07429886982000837
25017,29.9,0.10272541645971792
25019,16.0,0.035034272658035034
25021,32.5,0.09155938567516445
25023,32.5,0.05961376580798559
25025,30.9,0.3159670749189252
25027,29.2,0.08259634453556305
26001,27.9,0.0352497643732328
26003,22.9,0.055508354573775134
26005,24.2,0.02499890162998111
26007,17.5,0.08026730163607036
26009,25.2,0.03486486486486486
26011,26.6,0.06608669108669109
26013,18.4,0.06757937663850859
26015,27.7,0.03390522875816993
26017,23.1,0.06556104915415827
26019,24.6,0.025168655941878566
26021,21.2,0.07965749464835388
26023,22.7,0.06695847628061044
26025,20.5,0.07038793992462453
26027,24.4,0.050926580845947096
26029,19.9,0.054373522458628844
26031,24.8,0.04830181915942289
26033,17.4,0.06882102272727272
26035,29.9,0.07826850890503953
26037,23.9,0.028129839754733082
26039,25.7,0.08313272347937731
26041,18.2,0.07206812347379625
26043,17.0,0.07282654346913062
26045,22.7,0.05263273751871093
26047,19.9,0.05029624753127057
26049,26.9,0.07391205612726642
26051,29.8,0.0775709219858156
26053,19.1,0.07611961654027757
26055,20.6,0.048650929580261626
26057,23.9,0.05238578680203046
26059,24.0,0.05503919372900336
26061,15.6,0.06522195036700454
26063,20.9,0.06268551236749116
26065,20.5,0.08859397417503587
26067,27.1,0.0622564761293085
26069,21.0,0.07154443780414924
26071,20.0,0.06562105642689742
26073,19.6,0.07152604961066067
26075,22.5,0.0673648864726575
26077,20.7,0.07260759966389693
26079,29.7,0.05019899858775196
26081,21.0,0.06241233128643122
26083,21.6,0.02378854625550661
26085,34.0,0.06859344894026975
26087,34.5,0.045010908255827306
26089,23.6,0.028408501814411614
26091,27.6,0.05351032903707134
26093,30.6,0.03152593367780757
26095,18.2,0.05580448065173116
26097,24.0,0.10059626851317562
26099,26.3,0.06155553325080576
26101,21.7,0.04781744153015813
26103,18.0,0.058538311803220666
26105,19.5,0.06483868447777517
26107,23.7,0.07068470193919081
26109,22.8,0.06852620403435962
26111,23.7,0.0543251507444346
26113,24.5,0.04687764427145033
26115,26.2,0.04745434641196909
26117,30.7,0.05699481865284974
26119,26.3,0.06604348709611868
26121,21.6,0.07373176637335381
26123,30.6,0.046918731871151594
26125,25.8,0.05346114692908042
26127,23.7,0.043478260869565216
26129,26.9,0.05741728922091782
26131,25.0,0.04699904731660845
26133,25.8,0.07032920051303976
26135,29.1,0.09503695881731784
26137,20.2,0.04060190544029917
26139,20.1,0.03743195415102136
26141,26.7,0.06341096919609317
26143,24.3,0.06788150962950168
26145,22.4,0.07016598681341235
26147,28.5,0.05930753804411938
26149,21.0,0.07938187976291279
26151,28.6,0.05931719570678237
26153,18.2,0.0532133676092545
26155,27.8,0.0561757804166963
26157,29.6,0.06219183179830682
26159,24.5,0.05691986153745673
26161,23.5,0.08163400863500499
26163,24.7,0.11590785493961527
26165,23.6,0.05994450934579439
27001,27.7,0.049709221822209916
27003,25.6,0.04645933989172827
27005,21.7,0.05780707841776544
27007,21.0,0.05888179616993176
27009,23.2,0.06124768227764819
27011,18.4,0.04447565543071161
27013,16.8,0.06600014489603709
27015,14.6,0.04851727577763671
27017,21.5,0.056564939673527326
27019,25.6,0.03791135397692775
27021,25.2,0.04194500543731552
27023,16.8,0.06925477955520874
27025,31.0,0.03903763340198465
27027,19.7,0.0906890552908252
27029,25.9,0.09224318658280922
27031,16.6,0.025461254612546124
27033,15.3,0.05874730021598272
27035,23.1,0.048806203659614994
27037,23.6,0.049408701437239765
27039,25.9,0.037857231226029936
27041,20.5,0.05023117757862892
27043,20.2,0.049350222075999345
27045,25.7,0.05777828728648401
27047,19.7,0.05815039701074264
27049,23.8,0.0680792822020581
27051,23.2,0.04578313253012048
27053,21.9,0.09324310046654916
27055,23.8,0.03221047455126629
27057,24.0,0.04484605087014726
27059,30.7,0.039157920579389924
27061,24.1,0.04681516638800496
27063,18.4,0.038978801002963304
27065,34.3,0.034277879341864714
27067,17.5,0.05464977560643072
27069,19.1,0.03269447576099211
27071,16.3,0.08906675749318801
27073,16.9,0.03419972640218878
27075,24.8,0.03541076487252125
27077,16.2,0.023665382498624106
27079,24.6,0.03545064377682403
27081,22.0,0.033128834355828224
27083,14.6,0.08250890383854373
27085,23.0,0.033585277686493595
27087,20.4,0.0896551724137931
27089,23.1,0.04601957154192013
27091,16.9,0.09944563864690575
27093,25.2,0.0423665347170215
27095,32.0,0.054628935532233885
27097,28.6,0.04849474581084919
27099,20.7,0.052166168331318784
27101,21.0,0.044610695483513436
27103,16.4,0.04053222581141363
27105,19.6,0.055121188428459734
27107,23.2,0.05074074074074074
27109,18.7,0.06872590334439165
27111,20.7,0.05596851770878881
27113,12.4,0.057354599645561465
27115,32.1,0.06305282804511889
27117,16.5,0.06018635104507681
27119,18.6,0.07370550161812298
27121,22.7,0.05970149253731343
27123,21.4,0.10237792948894622
27125,24.8,0.03411131059245961
27127,17.6,0.059748927379628156
27129,20.9,0.05746367239101717
27131,21.8,0.05597411995062359
27133,19.6,0.058240396530359353
27135,17.1,0.0605146124523507
27137,19.9,0.07983699707283476
27139,24.8,0.031052736897636934
27141,30.7,0.041541274082407535
27143,27.1,0.04098498903693709
27145,21.7,0.059720209110304054
27147,19.1,0.06189721231338354
27149,14.3,0.04988428902031371
27151,19.4,0.07085658820674594
27153,25.7,0.06474679204623371
27155,17.1,0.057971014492753624
27157,24.2,0.05166011358671909
27159,21.3,0.07630323959875021
27161,22.2,0.048816370201952654
27163,24.0,0.03793439859060212
27165,23.2,0.07925242488762715
27167,21.8,0.06704331450094161
27169,17.6,0.053177307065619905
27171,29.4,0.029994445473060544
27173,21.1,0.04594594594594595
28001,21.3,0.06376482903000698
28003,22.3,0.0953929164360819
28005,34.8,0.05846153846153846
28007,34.2,0.08118303908254113
28009,34.1,0.06766428106701367
28011,20.1,0.10071338648762064
28013,29.9,0.06754589199786135
28015,29.0,0.04532644434006576
28017,21.7,0.08930176805513934
28019,27.8,0.054272517321016164
28021,29.0,0.12034574468085106
28023,34.0,0.059377628259041214
28025,21.8,0.06790518898142217
28027,20.1,0.1489766777724893
28029,28.5,0.08121272365805168
28031,23.8,0.0879421002321453
28033,26.2,0.03765531231510438
28035,21.2,0.07070070036844027
28037,33.4,0.03057905009759271
28039,34.4,0.05869705439690389
28041,43.4,0.0666828912144074
28043,19.7,0.07880434782608696
28045,32.5,0.034639521668231456
28047,24.3,0.06476882842678568
28049,22.3,0.08097970483824153
28051,36.0,0.1594932597044015
28053,22.4,0.13
28055,28.5,0.14
28057,26.0,0.04179228610042624
28059,25.2,0.048293926830537584
28061,33.7,0.10064690837972018
28063,29.0,0.0408981555733761
28065,34.6,0.06108241634852908
28067,24.2,0.04363505228993869
28069,31.2,0.033509152963077875
28071,22.7,0.06726528040327662
28073,26.0,0.043536503683858
28075,24.0,0.09492458285435608
28077,34.2,0.04606308146131155
28079,34.3,0.08672781224710008
28081,20.8,0.06041545211868307
28083,20.4,0.14740762520827208
28085,28.7,0.05851953184374525
28087,21.2,0.060984091106667825
28089,24.1,0.052918004417423774
28091,34.3,0.05525104143828108
28093,29.2,0.04951846515507697
28095,25.5,0.051601295430010796
28097,25.6,0.0877447425670776
28099,25.8,0.06233589419430127
28101,27.9,0.049786075457020615
28103,26.5,0.09655347187024835
28105,20.7,0.05444139194139194
28107,29.2,0.06416504223521767
28109,35.4,0.03848263254113345
28111,29.1,0.038304282332687754
28113,27.2,0.05843939494902379
28115,26.2,0.021913867501480666
28117,24.5,0.053778009379885354
28119,32.9,0.10896708286038592
28121,26.6,0.032361598456754195
28123,25.3,0.0637001858352261
28125,18.9,0.08016877637130802
28127,31.9,0.04044849627999581
28129,30.7,0.04774678111587983
28131,31.8,0.06129753914988814
28133,20.2,0.0889967637540453
28135,28.8,0.10241523455643288
28137,33.8,0.030495552731893267
28139,25.2,0.021703879256579767
28141,23.5,0.04776997962417931
28143,29.4,0.10710526315789473
28145,23.0,0.05350797035232003
28147,36.5,0.04952741020793951
28149,21.4,0.060279036489387074
28151,19.6,0.11897387950680768
28153,32.2,0.06014841817471683
28155,28.7,0.05352320157132335
28157,38.3,0.07723704866562009
28159,25.0,0.07912057134855062
28161,30.5,0.05804643714971978
28163,25.8,0.18227443823428768
29001,15.3,0.07286872671488057
29003,21.5,0.02218088151116199
29005,20.3,0.031482291211193704
29007,21.7,0.0739776548432585
29009,23.7,0.04409118176364727
29011,23.9,0.08756174225415357
29013,32.8,0.07518674894446249
29015,31.5,0.04245888253820133
29017,35.5,0.035777721390510026
29019,18.7,0.05905018155220605
29021,17.8,0.08484105385926613
29023,21.0,0.08340363986983247
29025,32.4,0.04961528256832051
29027,24.0,0.05696087352138308
29029,22.1,0.027782426778242678
29031,19.5,0.05928390953349356
29033,25.0,0.033503691084611015
29035,24.8,0.1324828263002944
29037,28.0,0.03862889413507383
29039,25.1,0.06617010219989607
29041,22.7,0.04401342782543827
29043,25.5,0.02962267372374936
29045,25.3,0.04869995872884853
29047,22.8,0.046539624746748096
29049,28.6,0.04430303757954136
29051,17.9,0.055073023225889466
29053,27.0,0.04594940762087736
29055,29.1,0.04697286012526096
29057,27.1,0.06280667320902845
29059,33.3,0.040780141843971635
29061,34.9,0.09403973509933775
29063,31.1,0.04072883172561629
29065,21.0,0.060697757208971165
29067,27.2,0.047271164589600345
29069,23.1,0.08519143643954873
29071,28.3,0.03810763082070824
29073,27.2,0.05692130011549249
29075,22.4,0.05358615004122012
29077,19.6,0.06365739856893037
29079,17.8,0.1131302789864346
29081,22.9,0.06510172143974961
29083,21.8,0.0488228273841814
29085,30.7,0.05387392391002499
29087,23.5,0.03153669724770642
29089,26.5,0.038493723849372385
29091,23.1,0.06144691512683996
29093,26.9,0.06837606837606838
29095,23.4,0.08118045098077563
29097,19.6,0.06987411343935016
29099,30.6,0.03668935216116138
29101,23.7,0.04737516005121639
29103,19.4,0.017080745341614908
29105,21.4,0.06683610386042038
29107,24.9,0.033317430025445294
29109,25.0,0.062525681413505
29111,23.8,0.04113029827315542
29113,31.8,0.04483499145374063
29115,20.2,0.06956883982503645
29117,20.3,0.05884450784593438
29119,27.1,0.05772376723533536
29121,22.1,0.05801879017636394
29123,23.9,0.08221225710014948
29125,34.6,0.048424737456242706
29127,17.6,0.07683476110571404
29129,22.6,0.05606758832565284
29131,27.2,0.0554935578776504
29133,21.0,0.14368585452922802
29135,26.5,0.06632920230406703
29137,25.8,0.06978085351787774
29139,28.7,0.03512931034482759
29141,28.1,0.10414990228761926
29143,21.3,0.07214339058999253
29145,22.3,0.03863708256134484
29147,15.8,0.06643026004728132
29149,23.0,0.05680473372781065
29151,26.4,0.05579723850955173
29153,29.6,0.06578592612564034
29155,20.6,0.10532133270172114
29157,21.3,0.052358803986710965
29159,18.7,0.07348787950105908
29161,19.1,0.06053436436032085
29163,22.7,0.07409713574097136
29165,24.3,0.04022595781513371
29167,28.1,0.04337009702297039
29169,19.5,0.03234229422586197
29171,19.4,0.05806811836962591
29173,22.2,0.0327455919395466
29175,21.8,0.0644533362171515
29177,34.3,0.04914436156208864
29179,27.4,0.07366167023554604
29181,34.8,0.07371314342828586
29183,24.5,0.03780895289223921
29185,28.4,0.05649717514124294
29186,31.9,0.04259492784082948
29187,25.9,0.0656431334622824
29189,23.1,0.06624880089114629
29195,17.5,0.06345461318763194
29197,28.5,0.05891354246365723
29199,19.1,0.035483870967741936
29201,18.6,0.04808507861942977
29203,29.0,0.0520471894517696
29205,21.1,0.04809703053115851
29207,23.1,0.03642641346568839
29209,27.1,0.038950480413895046
29211,19.6,0.06323529411764706
29213,23.3,0.044365455502896264
29215,25.4,0.08165842365568768
29217,19.4,0.11387670879546041
29219,31.6,0.030841459010473096
29221,38.4,0.09988789237668161
29223,29.0,0.05515898767034393
29225,27.3,0.06874820968203953
29227,25.7,0.06965761511216056
29229,29.5,0.06998747738973146
29510,22.1,0.18473887266980005
30001,19.3,0.007855272554153773
30003,19.6,0.0689835380193363
30005,15.4,0.07587719298245614
30007,29.3,0.0258681785967399
30009,29.6,0.03409090909090909
30011,19.5,0.06166666666666667
30013,16.5,0.06036782254667977
30015,18.5,0.05141269106067624
30017,13.0,0.051210797935688765
30019,13.8,0.025885558583106268
30021,19.1,0.041217150760719225
30023,18.6,0.07109322602280349
30025,21.0,0.04923599320882852
30027,18.3,0.09390910805204601
30029,19.6,0.041530079352519615
30031,18.3,0.02380162061895929
30033,23.0,0.016203703703703703
30035,14.7,0.059659752971335356
30037,31.0,0.061170212765957445
30039,27.6,0.03500660501981506
30041,13.1,0.08588462777956817
30043,24.4,0.03022417934347478
30045,21.4,0.023965141612200435
30047,22.9,0.04834605597964377
30049,18.3,0.05349991991029954
30051,16.5,0.10220994475138122
30053,18.5,0.06364236952213169
30055,19.9,0.0037593984962406013
30057,25.8,0.015508021390374332
30059,25.4,0.005393743257820928
30061,27.6,0.02744186046511628
30063,18.1,0.0522599138176503
30065,25.3,0.05865921787709497
30067,25.3,0.03394692804207507
30069,16.2,0.0
30071,15.6,0.0056657223796034
30073,19.2,0.06966490299823633
30075,19.4,0.03248587570621469
30077,18.1,0.023848684210526317
30079,17.0,0.09541284403669725
30081,24.4,0.040994587642677244
30083,22.7,0.05088195386702849
30085,19.0,0.10417340666450987
30087,15.5,0.07947882736156352
30089,22.0,0.04531278664465236
30091,13.2,0.0521680216802168
30093,16.9,0.06491990401452753
30095,30.5,0.03228346456692913
30097,24.5,0.025128865979381444
30099,21.8,0.06237343053867963
30101,15.5,0.07289416846652268
30103,16.9,0.075
30105,15.4,0.05760759064723822
30107,18.5,0.022650056625141562
30109,20.9,0.03036876355748373
30111,18.6,0.04287737671144684
31001,15.2,0.04588559192413582
31003,17.8,0.0409711684370258
31005,20.0,0.043243243243243246
31007,26.0,0.009836065573770493
31009,22.3,0.025380710659898477
31011,17.8,0.028297581013235967
31013,11.3,0.06437291897891231
31015,17.2,0.008064516129032258
31017,11.9,0.047058823529411764
31019,16.0,0.044585668534827864
31021,24.6,0.05838170023898941
31023,24.2,0.039727582292849034
31025,28.3,0.03378877400295421
31027,18.8,0.017421602787456445
31029,14.9,0.017615176151761516
31031,15.2,0.07523510971786834
31033,16.3,0.043010752688172046
31035,22.1,0.046586345381526104
31037,17.4,0.004046398705152414
31039,18.2,0.035198318886262146
31041,17.4,0.04153709462461128
31043,13.9,0.04531438530634133
31045,15.6,0.03967564436721691
31047,17.5,0.0519409513395298
31049,28.2,0.03345280764635603
31051,24.1,0.016453382084095063
31053,18.8,0.03889767932489451
31055,20.0,0.06768024158033804
31057,13.9,0.04621309370988447
31059,21.6,0.027577428935086974
31061,19.2,0.02088167053364269
31063,21.2,0.019553072625698324
31065,16.4,0.04228855721393035
31067,21.2,0.0831993138200922
31069,13.3,0.02097902097902098
31071,14.8,0.06134094151212553
31073,22.1,0.009569377990430622
31075,26.9,0.03873239436619718
31077,18.3,0.021920668058455117
31079,17.5,0.06596982145035994
31081,20.7,0.013781697905181918
31083,19.1,0.01086048454469507
31085,28.7,0.03183023872679045
31087,21.9,0.039603960396039604
31089,16.4,0.037530864197530864
31091,14.4,0.06116207951070336
31093,26.7,0.029552715654952075
31095,16.5,0.07557397959183673
31097,26.0,0.0743559718969555
31099,21.3,0.00923951670220327
31101,14.9,0.05628239940755369
31103,18.7,0.013245033112582781
31105,14.6,0.03760913364674278
31107,19.5,0.04587960257159556
31109,19.0,0.06220270491925503
31111,15.4,0.0406984553391538
31113,20.1,0.0
31115,23.0,0.01639344262295082
31117,18.1,0.07075471698113207
31119,14.3,0.06873184898354308
31121,21.4,0.01903276131045242
31123,21.6,0.045881126173096975
31125,22.5,0.022354694485842028
31127,20.6,0.04776958201615736
31129,20.3,0.0286607608129234
31131,21.9,0.030236565878113738
31133,22.4,0.05779816513761468
31135,14.2,0.026006711409395974
31137,14.7,0.06205311542390194
31139,19.9,0.03237156931738212
31141,16.1,0.05110557914775223
31143,20.8,0.020813623462630087
31145,11.3,0.09325044404973357
31147,19.8,0.08019133370849747
31149,11.7,0.058333333333333334
31151,21.5,0.031888003111024694
31153,21.2,0.03037909766927136
31155,26.0,0.04382514889313406
31157,15.6,0.06983684838838042
31159,22.1,0.04331172657631114
31161,18.7,0.03652751423149905
31163,21.8,0.06867924528301887
31165,19.7,0.05918367346938776
31167,22.3,0.01599654128837008
31169,16.4,0.03449928126497365
31171,18.5,0.046052631578947366
31173,21.3,0.054271356783919596
31175,18.0,0.03507795100222717
31177,22.7,0.030489975086012575
31179,13.4,0.05515587529976019
31181,22.9,0.03281982585398526
31183,18.4,0.036211699164345405
31185,13.0,0.06355042016806722
32001,24.1,0.03877679697351828
32003,25.1,0.07592073440786164
32005,26.2,0.032919109026963655
32007,29.4,0.05589239313191013
32009,13.9,0.2286282306163022
32011,18.4,0.10610932475884244
32013,28.4,0.03212270293734626
32015,24.2,0.027712541099107563
32017,15.0,0.018637157833430402
32019,29.4,0.022741629816803537
32021,15.9,0.05081967213114754
32023,29.0,0.056414881623449833
32027,26.1,0.03398617511520737
32029,38.7,0.01638477801268499
32031,22.5,0.06409059890815672
32033,17.6,0.018755582018457874
32510,20.5,0.0683775113962519
33001,25.0,0.03986786649960132
33003,26.6,0.031079782121115028
33005,23.7,0.047093403004572175
33007,23.1,0.09005856306241966
33009,22.2,0.06327647074675938
33011,27.3,0.052299395519734504
33013,26.6,0.042216055565590056
33015,28.9,0.030845810143450655
33017,26.0,0.048713517665130567
33019,26.1,0.05289445179925382
34001,25.2,0.11005230154166325
34003,31.2,0.07482393622563195
34005,29.1,0.04344268770242972
34007,27.4,0.1055396464895823
34009,22.0,0.056679440335086
34011,25.5,0.10135549729458358
34013,33.6,0.20991406807009644
34015,28.2,0.051685992269758764
34017,35.4,0.33407745543609557
34019,33.0,0.03326779394416044
34021,27.1,0.11181425815673703
34023,31.2,0.08033608203208764
34025,32.1,0.06397787948131198
34027,29.8,0.05091981681285415
34029,30.0,0.060407721361695844
34031,26.5,0.13864733759556488
34033,26.5,0.09643403364726716
34035,31.4,0.040320484396263054
34037,36.3,0.03337545657555352
34039,30.2,0.10155108546466152
34041,34.0,0.056002291203101934
35001,22.9,0.06431636280845549
35003,25.3,0.05869200670765791
35005,19.3,0.05490890688259109
35006,24.0,0.09114430201105492
35007,19.9,0.06557377049180328
35009,16.5,0.06136058080129067
35011,11.4,0.05609756097560976
35013,22.8,0.06083238110944881
35015,21.4,0.04741744284504657
35017,17.9,0.03187250996015936
35019,19.7,0.0476510067114094
35021,20.6,0.07692307692307693
35023,22.2,0.09945872801082543
35025,24.4,0.042602351033644105
35027,20.0,0.0388
35028,14.7,0.021947374802958653
35029,19.1,0.052260652716036
35031,27.0,0.10677656535381445
35033,30.7,0.024898373983739838
35035,22.1,0.05032679738562092
35037,11.4,0.11665527455001139
35039,30.1,0.03751517862849108
35041,15.7,0.0737804058594275
35043,30.3,0.031707531417523506
35045,24.2,0.066567621968753
35047,22.7,0.08708406671695583
35049,23.8,0.04151652606440855
35051,14.8,0.07297794117647059
35053,16.2,0.06718542417916114
35055,25.5,0.03048427551611036
35057,37.3,0.04345670852610707
35059,16.7,0.04728789986091794
35061,30.2,0.029619693289344887
36001,21.4,0.1262406924864331
36003,22.8,0.07690570299265952
36005,43.3,0.6107844972851526
36007,19.6,0.1352112676056338
36009,22.6,0.10669383915974291
36011,22.8,0.09053419616799899
36013,19.6,0.11074485419437005
36015,20.2,0.09766887867959843
36017,22.8,0.07787833081950729
36019,20.4,0.10385624031469781
36021,25.7,0.06095316783715777
36023,22.3,0.11700615821885363
36025,25.7,0.08561162318387752
36027,31.2,0.07179531283594925
36029,21.3,0.11511600942233288
36031,22.7,0.07361400073430424
36033,20.7,0.10587270677462335
36035,25.4,0.10194174757281553
36037,23.5,0.08772564628311824
36039,28.9,0.07250722930277391
36041,22.6,0.034667767230705734
36043,25.7,0.09622780777747562
36045,19.5,0.09710960803260094
36047,41.7,0.5635189474090702
36049,24.2,0.05355535553555356
36051,25.1,0.057737098026396434
36053,23.6,0.06007161359134542
36055,19.9,0.10771979851018126
36057,24.0,0.11375809825026782
36059,36.0,0.06767416176669591
36061,31.2,0.7803710998983657
36063,22.5,0.09923381655130382
36065,20.6,0.11984877126654064
36067,20.2,0.1199585355987055
36069,22.3,0.06149738154871561
36071,34.1,0.09387625533879718
36073,26.1,0.07872996300863132
36075,25.1,0.08387137746353648
36077,22.9,0.07257751520117298
36079,39.3,0.046166830777887184
36081,42.9,0.37430306431724975
36083,24.0,0.09766667666376751
36085,43.1,0.15947697875006586
36087,29.7,0.09752693037091231
36089,21.0,0.10113761820189122
36091,25.5,0.04690367085005544
36093,22.8,0.12394248303488685
36095,30.6,0.06562475701733925
36097,24.1,0.0681169272603671
36099,21.3,0.08826988093488167
36101,22.2,0.10063999592034473
36103,31.1,0.05069600928662706
36105,28.0,0.08563975313354966
36107,23.0,0.07155846070673809
36109,20.1,0.14095185262233317
36111,27.5,0.07334607824658715
36113,21.5,0.0779875883582783
36115,26.9,0.08202215047611264
36117,23.8,0.07184147484637017
36119,34.6,0.14266137099304607
36121,25.2,0.07250957272229988
36123,22.3,0.1398314014752371
37001,25.9,0.04745796580171848
37003,25.6,0.03058190570579074
37005,26.5,0.060459725709870585
37007,29.4,0.09417407580720637
37009,25.3,0.04360298336201951
37011,23.7,0.05109704020026506
37013,24.8,0.06180036110394635
37015,24.7,0.08679826403471931
37017,28.3,0.07797699594046008
37019,25.7,0.0244922168855969
37021,21.1,0.0473418094349811
37023,23.4,0.04792596265080152
37025,27.3,0.04003750919924982
37027,25.9,0.046933381937482914
37029,28.2,0.013712291199202194
37031,23.2,0.03737061012602808
37033,30.6,0.06024915062287656
37035,23.4,0.05191236202757184
37037,28.4,0.02563325657496061
37039,25.2,0.05777509251567102
37041,27.8,0.09765242908379523
37043,23.2,0.06435740995866955
37045,25.3,0.050167310167310165
37047,29.3,0.05536711891460495
37049,21.7,0.06318956870611836
37051,21.6,0.06812682069698978
37053,35.5,0.020599409033347404
37055,22.4,0.02666904252791637
37057,24.3,0.03935801620708416
37059,27.3,0.06050955414012739
37061,29.3,0.058161350844277676
37063,22.6,0.06705816830810662
37065,22.5,0.10029513535518013
37067,22.7,0.06229795216507738
37069,33.3,0.03820673700445161
37071,27.0,0.05122039839275028
37073,41.7,0.023377862595419848
37075,24.8,0.10556186152099886
37077,30.8,0.03559668950787577
37079,25.9,0.05830439814814815
37081,22.0,0.06713605621751517
37083,25.6,0.09061472795957415
37085,32.8,0.038699969906710804
37087,23.8,0.039744865980901815
37089,22.5,0.03536530440401825
37091,26.5,0.0791792395896198
37093,28.8,0.047616574929899264
37095,30.5,0.110881897885508
37097,25.1,0.036545111600125746
37099,20.2,0.031090613130765058
37101,32.2,0.037095021672839436
37103,28.1,0.0656969696969697
37105,25.8,0.03885464307019288
37107,24.3,0.09113100081366965
37109,29.3,0.03338675939257287
37111,24.7,0.061701899345423326
37113,22.6,0.06106704335542758
37115,32.7,0.04531287461040518
37117,26.2,0.08556093454009682
37119,25.1,0.058356751056208966
37121,24.4,0.08076514346439957
37123,27.1,0.047542986000187915
37125,26.6,0.041964874014495716
37127,23.7,0.06900018042632163
37129,20.6,0.0561436636911574
37131,29.9,0.06961944762632048
37133,22.4,0.04263601939812662
37135,23.6,0.04903909874088801
37137,26.5,0.034640762463343105
37139,28.0,0.056826100728539754
37141,30.1,0.03246214068245621
37143,32.0,0.0575347345920912
37145,30.9,0.048558799726078565
37147,22.1,0.08987965062455557
37149,28.4,0.040106951871657755
37151,25.3,0.036659101540167355
37153,24.1,0.10748267355808763
37155,25.3,0.07940371864422498
37157,27.0,0.06668181588648185
37159,26.2,0.06460211548583168
37161,26.1,0.05067187148112003
37163,26.5,0.04757717406396075
37165,25.1,0.10786963434022258
37167,28.1,0.05479397781299525
37169,31.6,0.04538012892663461
37171,24.3,0.04770832635843182
37173,20.5,0.06585730916347912
37175,21.9,0.04566648381788261
37177,34.2,0.10730446024563671
37179,29.8,0.023576338188681933
37181,25.9,0.08044838050411841
37183,25.1,0.04380072798391916
37185,29.5,0.07622437707131459
37187,32.4,0.14080944350758853
37189,21.2,0.04368336635531654
37191,22.9,0.06832677289662575
37193,25.9,0.05762349208691482
37195,22.5,0.07012822063626467
37197,29.6,0.05150243187420881
37199,27.1,0.046248462484624844
38001,15.2,0.0941747572815534
38003,19.5,0.06377343113284434
38005,16.1,0.08790123456790123
38007,24.4,0.019656019656019656
38009,21.7,0.01720269259536275
38011,17.7,0.033307513555383424
38013,24.3,0.04756637168141593
38015,17.5,0.06079623930795512
38017,17.1,0.06840192983501102
38019,18.8,0.03782051282051282
38021,15.8,0.0127420998980632
38023,21.6,0.03641732283464567
38025,27.6,0.020369191597708464
38027,21.8,0.03836317135549872
38029,19.3,0.05955497382198953
38031,12.9,0.08033964728935336
38033,20.6,0.03719599427753934
38035,15.8,0.07081003355168557
38037,20.5,0.044381491973559964
38039,16.3,0.059475806451612906
38041,16.1,0.03805309734513274
38043,19.8,0.011111111111111112
38045,18.8,0.03151862464183381
38047,14.9,0.03088803088803089
38049,29.7,0.03208556149732621
38051,11.3,0.056020066889632104
38053,22.9,0.04952476238119059
38055,24.4,0.03289924605894448
38057,18.6,0.02476349471341124
38059,19.8,0.024881686505091066
38061,19.1,0.0430658805434504
38063,19.6,0.03139013452914798
38065,25.9,0.023448275862068966
38067,17.0,0.03195425496131853
38069,11.3,0.023732470334412083
38071,13.9,0.10720887245841035
38073,19.4,0.03979460847240052
38075,29.5,0.026831785345717233
38077,21.1,0.0633669148780844
38079,16.8,0.10825152560360839
38081,16.2,0.029697315819531698
38083,21.8,0.02962962962962963
38085,17.8,0.12679856115107913
38087,21.0,0.008021390374331552
38089,17.5,0.07859939425278865
38091,18.2,0.007444168734491315
38093,14.1,0.06633464024584083
38095,16.5,0.0262891809908999
38097,19.9,0.04590459045904591
38099,18.0,0.03227272727272727
38101,19.3,0.04841080929711565
38103,14.6,0.04756575265808618
38105,18.7,0.06579121024152039
39001,36.4,0.0739852221475866
39003,18.7,0.07543286112120111
39005,23.9,0.06500965250965252
39007,27.0,0.07807363995413429
39009,24.1,0.06839315199443817
39011,18.8,0.04023231256599789
39013,25.1,0.0712998712998713
39015,33.9,0.058758314855875834
39017,24.3,0.04674367601585593
39019,31.5,0.06817776191326075
39021,27.1,0.05554135242234437
39023,23.1,0.07190710138454667
39025,28.1,0.04550644458831146
39027,24.6,0.04767018674303442
39029,24.6,0.0762922405267855
39031,24.8,0.11828756932233193
39033,23.9,0.05299296749543164
39035,23.3,0.12164255406626262
39037,23.0,0.05160351223176973
39039,19.8,0.049911920140927775
39041,25.4,0.032410951912209704
39043,21.5,0.06911520226587033
39045,28.0,0.04084033334990142
39047,27.0,0.04774650319461233
39049,21.5,0.07374086736732484
39051,24.1,0.028435181914517837
39053,25.4,0.08162562424659893
39055,27.0,0.08090596810679476
39057,22.0,0.04439163219200188
39059,22.9,0.08812354455202843
39061,22.8,0.10270931586321211
39063,18.0,0.05124149928831251
39065,23.6,0.0661037188672808
39067,29.4,0.06119704102219233
39069,23.7,0.03728931971006899
39071,29.1,0.06759948045814146
39073,30.3,0.0572268326417704
39075,20.9,0.30936916759985067
39077,22.4,0.043295019157088124
39079,29.4,0.07577514884404238
39081,23.8,0.08503113141509781
39083,25.7,0.0632582691243455
39085,23.1,0.05082852171161908
39087,23.2,0.0679028697571744
39089,26.6,0.05217137860682017
39091,21.8,0.06058282208588957
39093,25.4,0.05669416044659098
39095,20.5,0.08644804985729332
39097,24.9,0.032768073441285225
39099,22.5,0.08444399123030642
39101,24.5,0.06911639590001216
39103,26.5,0.0402813124264565
39105,31.4,0.06405185673478356
39107,18.5,0.04034617259873233
39109,22.0,0.05656259742573375
39111,33.3,0.09378870996283843
39113,21.9,0.08502976409201146
39115,37.5,0.06704008401890425
39117,32.8,0.05258857609745227
39119,25.4,0.07748057164478854
39121,23.0,0.0768564624377571
39123,24.8,0.03518158236057069
39125,24.0,0.032397691500524656
39127,33.2,0.0723312518584597
39129,27.9,0.06657838257454678
39131,29.7,0.05402171912387263
39133,24.8,0.06576345997639811
39135,26.4,0.03964125560538117
39137,22.3,0.0211358625408652
39139,21.8,0.0715012671868452
39141,26.4,0.06273483628556092
39143,20.7,0.03459450700802074
39145,27.9,0.07888719512195122
39147,20.7,0.061448000359082544
39149,19.0,0.041203850629429814
39151,21.7,0.06692956301497227
39153,23.2,0.07880501757708623
39155,23.4,0.08166377816291161
39157,23.2,0.07398940039488724
39159,26.0,0.02397655992076593
39161,19.7,0.03593384708632782
39163,35.8,0.053678678678678676
39165,25.3,0.030776083083474556
39167,23.5,0.05528875257274305
39169,20.6,0.10032683421616138
39171,19.8,0.05498836908761954
39173,20.5,0.05131135153067807
39175,20.7,0.045449494388265364
40001,25.7,0.08972381887004066
40003,22.1,0.01805985552115583
40005,27.5,0.07457286432160803
40007,17.7,0.01315002988643156
40009,16.2,0.0516609672691744
40011,19.0,0.032830523513753325
40013,20.4,0.05647659944556178
40015,23.8,0.06936926985529658
40017,25.2,0.033300702423274424
40019,20.8,0.047674052294445025
40021,23.8,0.06872392769280138
40023,23.4,0.0796893466148911
40025,8.0,0.036775106082036775
40027,23.7,0.04264591306432418
40029,20.2,0.06533398342272062
40031,18.3,0.08218628892155552
40033,27.4,0.062254901960784315
40035,23.6,0.05529865125240848
40037,25.4,0.04949373362600014
40039,19.0,0.048080405650126765
40041,28.6,0.04020744711846629
40043,19.6,0.025137952176578784
40045,21.9,0.03924221921515562
40047,17.6,0.04905202360524003
40049,24.3,0.048862512363996045
40051,26.3,0.044421887084300074
40053,27.2,0.039081885856079406
40055,15.1,0.0513347022587269
40057,18.2,0.0975103734439834
40059,19.4,0.01350337584396099
40061,25.7,0.05519197207678883
40063,25.3,0.031978185423896875
40065,13.1,0.06414322250639386
40067,27.1,0.09107720758206195
40069,24.7,0.05654073502955539
40071,18.9,0.059728183118741056
40073,21.8,0.04081632653061224
40075,23.2,0.048283885980221056
40077,23.8,0.03691361189438606
40079,24.2,0.06262154803578374
40081,29.7,0.03355908987139487
40083,29.0,0.03392396545923517
40085,23.4,0.03231597845601436
40087,27.9,0.015711588819194933
40089,24.0,0.07197343623799694
40091,26.7,0.05023124357656732
40093,25.4,0.028284098051539912
40095,25.2,0.031093279839518557
40097,25.1,0.04485798237022527
40099,21.4,0.04116222760290557
40101,22.1,0.07502233964023466
40103,19.2,0.023390402700747527
40105,28.1,0.0396093326098752
40107,25.5,0.08406086305811923
40109,21.9,0.06652524679900397
40111,24.7,0.06577284851888249
40113,24.6,0.05663635317140555
40115,20.6,0.060900931129938767
40117,28.0,0.03945645055664702
40119,18.4,0.059002115980250854
40121,21.3,0.07064030026329057
40123,17.7,0.06422624553984406
40125,24.2,0.043339399116128795
40127,25.7,0.0672534416610246
40129,25.8,0.01694915254237288
40131,25.7,0.027595986038394416
40133,24.0,0.0699157367342291
40135,25.0,0.052154781933480006
40137,23.7,0.05703876586782034
40139,16.9,0.05055685814771395
40141,23.7,0.09632683658170915
40143,20.3,0.06282899325311465
40145,26.2,0.02670575862838204
40147,20.7,0.05301331297418524
40149,22.4,0.029774872912127815
40151,14.7,0.07868303571428571
40153,21.3,0.04
41001,15.1,0.05329707681849082
41003,19.6,0.07439603497937047
41005,26.5,0.04831395526259575
41007,21.6,0.0771241103202847
41009,31.7,0.043721330275229356
41011,18.3,0.06982005499286485
41013,26.7,0.0494342422556112
41015,18.5,0.04050542163276279
41017,19.6,0.04016106813606019
41019,20.6,0.05160041246659231
41021,19.0,0.05142857142857143
41023,20.1,0.024099883855981417
41025,14.0,0.07829977628635347
41027,18.3,0.05772457769325428
41029,19.1,0.05757592220350954
41031,25.3,0.04504197867029725
41033,21.5,0.04801852104044668
41035,17.9,0.06624366357460602
41037,13.8,0.051149425287356325
41039,20.2,0.07666178441210383
41041,22.1,0.04468959550075709
41043,25.7,0.0423820694277435
41045,19.0,0.06743101438010105
41047,24.1,0.06220540710963979
41049,23.4,0.034905224225612576
41051,24.4,0.12620532128083523
41053,25.3,0.04838416297823319
41055,22.6,0.06218905472636816
41057,19.4,0.043314343163538875
41059,19.1,0.05249590692165674
41061,16.3,0.0728440366972477
41063,15.4,0.03720106288751107
41065,18.9,0.060399507715611096
41067,24.0,0.05614980076973399
41069,24.0,0.034139402560455195
41071,26.2,0.055341809565062294
42001,28.2,0.04485688401361377
42003,25.2,0.11935280559616858
42005,28.6,0.07829498840734796
42007,25.5,0.07502387311955935
42009,26.5,0.05711392405063291
42011,25.4,0.08672719253105933
42013,20.5,0.08552553502907552
42015,24.1,0.06948394961397805
42017,29.0,0.04858600167745508
42019,27.4,0.054624863901811344
42021,23.4,0.10374644918085506
42023,18.7,0.10243682310469314
42025,32.5,0.06402494955054118
42027,20.2,0.11148391032484369
42029,26.9,0.042925371385039116
42031,24.6,0.0651870556183135
42033,25.3,0.07383602927609324
42035,23.6,0.089600622406639
42037,21.7,0.07275142314990513
42039,23.3,0.10520716354394467
42041,21.8,0.0504101402839505
42043,21.5,0.09379686547240396
42045,28.1,0.0963696034958008
42047,18.3,0.06266416510318949
42049,19.6,0.09908940472207402
42051,26.0,0.09004747925048023
42053,23.0,0.06666666666666667
42055,24.3,0.04610297590930562
42057,31.5,0.053005205868433505
42059,29.2,0.047193521362747834
42061,31.2,0.0711094792240377
42063,24.9,0.07523009203681473
42065,23.5,0.0827518534670737
42067,31.0,0.06936288088642659
42069,21.1,0.09401447945345162
42071,23.8,0.08613476977456898
42073,23.4,0.08000885911242768
42075,22.1,0.0645366060093102
42077,24.9,0.08345684484645326
42079,23.5,0.09491688571322794
42081,21.1,0.09722370414630503
42083,20.4,0.08711588979167939
42085,21.7,0.09588599432550941
42087,25.0,0.10070232306861156
42089,38.1,0.05484218780631249
42091,27.8,0.056797961282246165
42093,19.4,0.0810226405494785
42095,27.0,0.06493834812108559
42097,25.2,0.09232962044026817
42099,32.0,0.05672441117000929
42101,31.7,0.2790818158804171
42103,42.3,0.05300469870579507
42105,24.0,0.06092677345537757
42107,27.3,0.07951645167965786
42109,22.9,0.06753424657534246
42111,24.9,0.0634201199563795
42113,31.4,0.051352410819286556
42115,26.9,0.05168524843719791
42117,24.4,0.055372445616348055
42119,17.9,0.09741509693386498
42121,23.1,0.07585175491891387
42123,20.7,0.062209266265583325
42125,26.8,0.07302412293090786
42127,28.9,0.06873592949178522
42129,26.7,0.061982591189774096
42131,25.6,0.051594574780058654
42133,26.3,0.05931722683290837
44001,26.4,0.05750099482690012
44003,25.1,0.05974821180960749
44005,22.8,0.07282738418140393
44007,25.9,0.11519231511129972
44009,26.0,0.044225389636339416
45001,24.7,0.06627740217168614
45003,25.0,0.05852737570799245
45005,35.7,0.18004941321803583
45007,26.5,0.056946033562166286
45009,28.0,0.1294142980189492
45011,27.2,0.10559388861508132
45013,23.6,0.04259531415106944
45015,29.7,0.03966450043217978
45017,26.4,0.055186923450396504
45019,25.1,0.05877915910043302
45021,25.1,0.05425372796083942
45023,31.6,0.06284672087544646
45025,24.5,0.08982548192083951
45027,31.0,0.10076076400129491
45029,34.9,0.10415650901999025
45031,22.5,0.10398654199757443
45033,26.2,0.09779296333918183
45035,31.3,0.035043289700691684
45037,25.6,0.07780507780507781
45039,30.0,0.05946248600223964
45041,22.0,0.07603677917360376
45043,29.1,0.05248995539828228
45045,23.4,0.0468342665427425
45047,20.3,0.0740926696313298
45049,33.8,0.1098961937716263
45051,23.1,0.04807310790469772
45053,28.9,0.04398536362250343
45055,30.0,0.0407852176822694
45057,28.8,0.03416566985645933
45059,25.2,0.05742052746763604
45061,28.9,0.10439300897496458
45063,26.0,0.04524285854842412
45065,33.8,0.04120028578232913
45067,28.3,0.08269688757493636
45069,26.9,0.15517417509449383
45071,27.2,0.06727569331158238
45073,23.9,0.05168767202665508
45075,30.7,0.09021374368896816
45077,26.4,0.06381882703094593
45079,23.1,0.07231440632051488
45081,28.5,0.043546284224250324
45083,25.2,0.04477033841667173
45085,23.0,0.08387897670569336
45087,27.4,0.10197226767720265
45089,31.3,0.12822390366935155
45091,27.2,0.036709583864305485
46003,21.0,0.02631578947368421
46005,13.4,0.08545647558386411
46007,12.0,0.015217391304347827
46009,19.3,0.04218362282878412
46011,14.3,0.05218147557617046
46013,13.9,0.06779244703715075
46015,15.5,0.05677749360613811
46017,13.4,0.12992125984251968
46019,24.5,0.056432884347422205
46021,15.5,0.029177718832891247
46023,14.1,0.052110817941952506
46025,20.8,0.0531437125748503
46027,19.5,0.056607175049576346
46029,14.1,0.05332907552291234
46031,21.0,0.11613475177304965
46033,29.5,0.007189395641428892
46035,14.1,0.06169232498033487
46037,22.3,0.060312104597216365
46039,25.4,0.023375142531356898
46041,18.5,0.11583924349881797
46043,19.6,0.020210896309314587
46045,20.0,0.012269938650306749
46047,19.4,0.06552863436123348
46049,16.9,0.10904872389791183
46051,13.7,0.036315615714757346
46053,15.9,0.029210689869484153
46055,19.0,0.040756914119359534
46057,22.2,0.01276207839562443
46059,13.2,0.07259786476868327
46061,21.7,0.015017667844522967
46063,18.7,0.01606425702811245
46065,14.6,0.07789880049634634
46067,17.2,0.05364511691884457
46069,15.3,0.019880715705765408
46071,11.4,0.12771084337349398
46073,15.8,0.0535031847133758
46075,15.3,0.043859649122807015
46077,20.8,0.04071969696969697
46079,14.9,0.035199321458863446
46081,19.1,0.048365687738510035
46083,19.3,0.020732450948742782
46085,15.8,0.05723905723905724
46087,25.2,0.021161638901395767
46089,18.4,0.015300546448087432
46091,16.0,0.02301635372501514
46093,19.8,0.03826871657754011
46095,16.7,0.059282371294851796
46097,25.2,0.03540772532188841
46099,17.8,0.05588699978777089
46101,19.9,0.028917545916373584
46102,13.5,0.2254533014026685
46103,19.4,0.0555100280353677
46105,14.7,0.04507257448433919
46107,14.2,0.02626641651031895
46109,16.2,0.046344827586206894
46111,21.2,0.06976744186046512
46115,17.1,0.0333869670152856
46117,18.0,0.02635658914728682
46119,19.3,0.023547880690737835
46121,16.7,0.12775157232704404
46123,13.8,0.07130203720106289
46125,25.3,0.03867713004484305
46127,17.7,0.036935704514363885
46129,16.7,0.02567287784679089
46135,15.3,0.051779267663744195
46137,21.7,0.12244897959183673
47001,24.5,0.05605251106701267
47003,28.4,0.029838502947962062
47005,26.5,0.0540654402471563
47007,35.1,0.05104981473857555
47009,25.3,0.027124383127408953
47011,23.3,0.052962719504178794
47013,30.1,0.05737227976259746
47015,35.4,0.04622576177285319
47017,26.2,0.054501343037865004
47019,24.3,0.04597748208802457
47021,33.5,0.019841513606486887
47023,28.2,0.031259720062208396
47025,27.4,0.04044010492567764
47027,27.6,0.06741250717154332
47029,32.8,0.04403894512863499
47031,25.5,0.04173702212408538
47033,24.0,0.07225853304284677
47035,22.9,0.048944848377371876
47037,24.7,0.06538178617265863
47039,26.8,0.05691768826619965
47041,29.3,0.07015718908922793
47043,32.7,0.02923197131957531
47045,19.8,0.06676145981447627
47047,34.1,0.05322486926205695
47049,27.5,0.05158983527008045
47051,25.1,0.0411579249068501
47053,26.1,0.06601178781925343
47055,29.8,0.05216453806601427
47057,32.3,0.049689440993788817
47059,26.0,0.05267605633802817
47061,35.1,0.04534005037783375
47063,23.9,0.04945307121548229
47065,22.1,0.05799677003002964
47067,30.8,0.11845827439886845
47069,32.6,0.07585071350164654
47071,25.9,0.05417689300972639
47073,27.7,0.042686807824500364
47075,26.7,0.11301799916282963
47077,26.9,0.045054945054945054
47079,21.6,0.0564228367528992
47081,36.7,0.02755696873343932
47083,37.6,0.027139874739039668
47085,34.7,0.038392487225521334
47087,33.4,0.06110531803962461
47089,28.9,0.027684832928450292
47091,25.6,0.04275143875034256
47093,22.2,0.05273781233531862
47095,21.2,0.1833575229801645
47097,26.5,0.09136729222520107
47099,25.6,0.07586369254311105
47101,33.6,0.024503434193428625
47103,30.8,0.03852111253283049
47105,24.3,0.03766212171599601
47107,24.6,0.04161560938825525
47109,26.8,0.04618170842137036
47111,34.8,0.04893323426387857
47113,20.3,0.08881030060020421
47115,33.9,0.042210801246945824
47117,29.9,0.03244751137865218
47119,29.0,0.02803384862667234
47121,34.4,0.028271251193887296
47123,28.3,0.054884853403672516
47125,27.8,0.0376029808908488
47127,25.1,0.0511135450894487
47129,35.5,0.05063995548135782
47131,20.2,0.05915223118064979
47133,26.3,0.034285084334692975
47135,32.8,0.04182825484764543
47137,31.2,0.0535302261190586
47139,31.4,0.04633620689655173
47141,21.1,0.03803458230409809
47143,29.5,0.07020408163265306
47145,28.4,0.0589293549802545
47147,30.7,0.03284374447000531
47149,28.1,0.026624224490268945
47151,30.1,0.05276984580239863
47153,31.7,0.04423635776557959
47155,26.6,0.04112135633551457
47157,22.3,0.0816009218698741
47159,32.2,0.038830055471507814
47161,36.3,0.04771745256434341
47163,21.9,0.047614901243705286
47165,29.0,0.03304828077676822
47167,32.9,0.05203000882612533
47169,33.9,0.04243243243243243
47171,25.9,0.039769082745349585
47173,34.6,0.029000126087504727
47175,29.6,0.08135461268976256
47177,26.9,0.04511510214157872
47179,21.6,0.05193889955777938
47181,31.3,0.08157806753594116
47183,20.9,0.05543933054393305
47185,23.7,0.038303937288437555
47187,27.9,0.020528336261305225
47189,30.1,0.02233720556654661
48001,24.1,0.0576824620285568
48003,24.0,0.04500292226767972
48005,20.9,0.06262588701930526
48007,23.0,0.06435326174066357
48009,23.6,0.01441753171856978
48011,24.9,0.005215123859191656
48013,29.2,0.05099487668295008
48015,28.5,0.028034300791556728
48017,18.9,0.10185604345857854
48019,41.0,0.02150189086980011
48021,35.4,0.033877617446023654
48023,15.9,0.06993464052287582
48025,21.5,0.0591574883615306
48027,23.9,0.052591265240153194
48029,25.7,0.06397323883830777
48031,29.3,0.022260936895083235
48033,13.6,0.012345679012345678
48035,28.8,0.02334578441835646
48037,18.8,0.06894192113591652
48039,30.6,0.03142690704864897
48041,18.6,0.059975627696597755
48043,14.3,0.0573621490607958
48045,24.3,0.014466546112115732
48047,17.5,0.24756466241182398
48049,18.9,0.0653887256211595
48051,29.6,0.039746835443037976
48053,29.4,0.03734083647288855
48055,34.3,0.035862317534690935
48057,19.4,0.05132641291810842
48059,26.5,0.026531780874212638
48061,21.3,0.06614752262827504
48063,22.8,0.0668465850114179
48065,24.5,0.040558220671609246
48067,25.7,0.060144006776789494
48069,15.2,0.01699129714048902
48071,32.6,0.0337222125486099
48073,26.9,0.06521858674731922
48075,25.4,0.046789989118607184
48077,28.8,0.0240149218932152
48079,24.0,0.05422993492407809
48081,25.2,0.03638644918444166
48083,35.4,0.0843553694286569
48085,28.2,0.03233440378642781
48087,14.4,0.019487179487179488
48089,25.7,0.04674310192768048
48091,30.9,0.02235333688370659
48093,20.1,0.05172735760971055
48095,21.4,0.045454545454545456
48097,25.7,0.038601161665053244
48099,24.4,0.055917883346920626
48101,17.8,0.02772963604852686
48103,24.7,0.11825980392156862
48105,20.3,0.0
48107,27.0,0.038880248833592534
48109,15.3,0.05184331797235023
48111,15.1,0.02165506573859242
48113,26.8,0.06759489059636505
48115,24.4,0.049715557754142964
48117,16.6,0.04561229548834903
48119,27.7,0.035895075931891396
48121,28.1,0.035072920597571534
48123,24.4,0.06747579829504406
48125,24.4,0.06602475928473177
48127,24.8,0.1647765176784523
48129,19.4,0.03220338983050847
48131,29.8,0.1077628562070095
48133,25.6,0.050304035378662244
48135,25.0,0.060994687359633225
48137,16.8,0.07920792079207921
48139,30.3,0.03726361850081523
48141,24.1,0.06375380877528476
48143,20.8,0.04840627973358706
48145,28.6,0.05832282471626734
48147,31.6,0.03360225581577504
48149,23.1,0.061424589060847835
48151,24.6,0.04283887468030691
48153,17.0,0.06711065573770492
48155,17.8,0.06407322654462243
48157,32.7,0.032120199649486016
48159,24.0,0.01924557351809084
48161,25.5,0.024823695345557124
48163,19.1,0.10391760161853963
48165,26.2,0.05628517823639775
48167,27.9,0.05403099672970283
48169,24.0,0.07928913192071087
48171,21.9,0.0546338921219491
48173,25.7,0.06956521739130435
48175,30.4,0.07648523657061544
48177,27.2,0.0762048952813525
48179,17.8,0.04142159929921161
48181,25.8,0.03730451781059948
48183,21.3,0.046398906311494084
48185,35.9,0.048464163822525594
48187,28.8,0.03183846906334067
48189,19.8,0.06513062409288825
48191,14.1,0.0427715996578272
48193,18.0,0.041987179487179484
48195,21.7,0.05166846071044134
48197,14.9,0.02032520325203252
48199,30.0,0.03942039420394204
48201,29.0,0.07108727472222286
48203,22.1,0.06775212082017727
48205,12.0,0.02694427434170239
48207,15.8,0.03297220913801225
48209,31.3,0.038698434636300814
48211,16.7,0.06300813008130081
48213,29.1,0.045927029039463885
48215,22.5,0.056426483105732575
48217,32.0,0.05208106341250817
48219,23.0,0.042451042324699935
48221,32.8,0.025937389805273676
48223,22.6,0.035709184402228256
48225,28.5,0.08793686583990981
48227,21.7,0.0628332376343204
48229,27.9,0.052256532066508314
48231,31.3,0.0372536785732855
48233,20.3,0.039
48235,29.0,0.011904761904761904
48237,29.1,0.11553918285331548
48239,26.7,0.06950895819508958
48241,27.7,0.05171542072950524
48243,16.2,0.024844720496894408
48245,21.2,0.08123872709821005
48247,21.5,0.07505863956215794
48249,24.3,0.06883048422320957
48251,31.7,0.026241470377211595
48253,25.8,0.05308537616229924
48255,20.9,0.09788583509513742
48257,35.6,0.03079035104922534
48259,28.6,0.02694323882531988
48261,24.9,0.16363636363636364
48263,14.0,0.048701298701298704
48265,21.5,0.061817377846562015
48267,23.0,0.0514453699167075
48269,12.4,0.06306306306306306
48271,15.5,0.051215277777777776
48273,20.0,0.05880367839365561
48275,16.6,0.07463884430176565
48277,19.4,0.07093261401668415
48279,16.4,0.031858028650844555
48281,30.0,0.03265792610250298
48283,16.3,0.07043108682452945
48285,26.2,0.029966965549787637
48287,32.5,0.032073310423825885
48289,29.3,0.029817534490431688
48291,39.9,0.051310008658563964
48293,28.9,0.03528430087018715
48295,19.9,0.021463414634146343
48297,27.2,0.09407985314364388
48299,27.4,0.041616349280074315
48303,17.1,0.05800752624282036
48305,22.2,0.037160552644116246
48307,20.8,0.043069457082195936
48309,21.2,0.05268240563808584
48311,19.5,0.033816425120772944
48313,28.9,0.036923076923076927
48315,33.9,0.08081768481102923
48317,22.4,0.0
48319,30.7,0.03331385154880187
48321,24.0,0.05971889371073256
48323,21.8,0.06554203539823009
48325,31.6,0.03465513367782521
48327,18.9,0.010615711252653927
48329,21.7,0.04354702812966549
48331,31.6,0.0553585500394011
48333,25.0,0.022234574763757644
48335,22.7,0.02973168963016679
48337,33.8,0.0563363785429843
48339,31.8,0.03447509705462933
48341,17.4,0.06678776023473522
48343,25.2,0.04943820224719101
48345,16.9,0.02608695652173913
48347,20.1,0.060904276341791165
48349,27.1,0.04458097038437303
48351,37.7,0.06858087172071886
48353,18.3,0.08511722731906218
48355,21.7,0.06900731930466605
48357,19.9,0.05298913043478261
48359,28.0,0.013029315960912053
48361,25.1,0.04670592224928322
48363,28.7,0.040858109311020116
48365,28.2,0.051697010564171725
48367,31.9,0.03095487003207116
48369,16.8,0.02321262766945218
48371,19.8,0.07121038564337534
48373,29.8,0.03832556233027617
48375,21.0,0.07747586951926916
48377,9.1,0.05707196029776675
48379,35.6,0.02018121911037891
48381,19.9,0.032988892213987715
48383,18.6,0.01936108422071636
48385,24.1,0.044326241134751775
48387,30.7,0.025914021695460025
48389,18.0,0.06084280303030303
48391,24.4,0.10380761523046092
48393,19.0,0.034055727554179564
48395,24.8,0.0893896433368154
48397,33.8,0.020830807284720032
48399,24.9,0.03229194014176949
48401,26.6,0.04526543518056249
48403,29.5,0.02688750268875027
48405,31.9,0.07993197278911565
48407,40.6,0.04181600955794504
48409,23.0,0.0635509591852846
48411,25.1,0.020095693779904306
48413,31.6,0.04149377593360996
48415,20.3,0.05701157249829816
48417,23.5,0.028615622583139984
48419,25.2,0.06662395900064061
48421,18.5,0.0
48423,23.1,0.046647581013784974
48425,28.2,0.024239159709130084
48427,22.6,0.10382627760087697
48429,28.3,0.08418437758763456
48431,24.4,0.0
48433,15.3,0.04678362573099415
48435,24.8,0.037706205813040065
48437,20.7,0.06126731011330256
48439,26.8,0.046241208355114076
48441,17.1,0.038264098736665815
48443,11.5,0.05321507760532151
48445,21.8,0.05212939259948802
48447,17.7,0.017639077340569877
48449,20.3,0.04804589458587307
48451,20.2,0.0495123620497904
48453,25.2,0.05948981322387952
48455,38.6,0.09657782165185916
48457,34.1,0.05066480055983205
48459,30.2,0.03786177244433036
48461,30.5,0.027941176470588237
48463,19.7,0.056433408577878104
48465,19.1,0.05936942296252231
48467,36.8,0.031743232519178204
48469,21.9,0.06197102280877923
48471,25.9,0.08125456432332706
48473,32.2,0.029113509977101732
48475,21.8,0.06472196900638104
48477,23.1,0.0676312899683483
48479,22.1,0.06582035810403943
48481,25.7,0.07205789804908748
48483,23.4,0.05964730290456432
48485,15.0,0.07103657914601057
48487,14.0,0.052323147760569275
48489,19.7,0.05693199789140749
48491,27.9,0.030052749848408587
48493,34.5,0.03222436073687105
48495,28.6,0.031136857349746562
48497,34.3,0.025900139248060474
48499,29.7,0.051038988860325624
48501,26.0,0.03713629402756508
48503,16.9,0.06842862750228967
48505,23.6,0.0882803943044907
48507,20.4,0.08040354631611128
49001,16.7,0.028594122319301033
49003,22.3,0.040292478396482076
49005,17.7,0.03107630684758883
49007,19.5,0.04444170872830235
49009,20.9,0.0
49011,22.9,0.025957780864224157
49013,21.1,0.03314917127071823
49015,20.7,0.031566753547639735
49017,13.5,0.009794319294809012
49019,14.7,0.05533596837944664
49021,16.9,0.03403284218881778
49023,23.9,0.03417918177110305
49025,15.5,0.028935185185185185
49027,17.5,0.020197383520771172
49029,25.3,0.003170409511228534
49031,30.6,0.04684684684684685
49033,21.9,0.0
49035,22.3,0.054881582188647374
49037,24.3,0.07749725576289791
49039,21.4,0.031053105310531053
49041,17.4,0.04371584699453552
49043,22.2,0.019834710743801654
49045,30.3,0.031180773249738766
49047,20.6,0.03095924248662001
49049,22.6,0.02684983597513521
49051,21.6,0.02111801242236025
49053,19.2,0.032957899865302495
49055,18.9,0.023356401384083045
49057,23.3,0.049253652058432934
50001,23.6,0.0489108646264867
50003,20.3,0.07466470941482618
50005,25.6,0.06722175540447636
50007,21.1,0.07063087774294671
50009,28.1,0.04179950407368048
50011,27.1,0.058257776887241396
50013,31.0,0.014012738853503185
50015,27.1,0.04696804495512874
50017,26.2,0.03869094333699576
50019,29.0,0.06411530815109344
50021,23.0,0.0638205442123139
50023,23.4,0.06033649197447302
50025,22.2,0.06227254346947028
50027,22.9,0.06100502115209742
51001,20.8,0.061124186626055656
51003,22.2,0.04902857640703955
51005,22.9,0.06015979946733511
51007,40.1,0.016245154144360348
51009,24.9,0.034346935560107136
51011,26.7,0.038560024100015064
51013,26.2,0.15215974720379907
51015,23.8,0.042853006466557285
51017,19.0,0.041163556531284305
51019,26.5,0.031967881184532254
51021,27.5,0.05303030303030303
51023,24.3,0.03744326777609682
51025,30.3,0.06515362050331944
51027,30.1,0.055245683930942896
51029,43.0,0.0677398788651578
51031,23.3,0.046987410071942445
51033,37.2,0.03495161828495162
51035,27.3,0.05693384223918575
51036,34.5,0.05874270010305737
51037,32.2,0.06462585034013606
51041,26.4,0.03438336127858443
51043,32.2,0.031748726655348045
51045,36.1,0.04726224783861672
51047,35.9,0.03873388290002114
51049,38.3,0.07406483790523691
51051,28.9,0.06554338668913226
51053,31.2,0.04427352030766345
51057,38.5,0.06386327861479649
51059,28.9,0.04793516557554799
51061,35.8,0.03458083832335329
51063,30.3,0.0531160404406217
51065,32.0,0.039500435666569855
51067,30.2,0.045219357363363626
51069,32.4,0.03320616080259997
51071,28.6,0.07136458644371454
51073,34.8,0.020819693596962157
51075,29.9,0.0244633533165732
51077,28.1,0.054284361685340066
51079,32.3,0.029880478087649404
51081,28.6,0.05939356048765239
51083,24.8,0.0754425916403438
51085,26.9,0.02951649175412294
51087,22.6,0.058188039165726346
51089,25.3,0.05455495889369386
51091,27.4,0.05084745762711865
51093,29.5,0.042396547347042395
51095,26.6,0.03963738668333854
51097,37.0,0.04795204795204795
51099,37.2,0.025757426231126025
51101,36.4,0.04338955386289445
51103,27.5,0.043676547974039644
51105,26.2,0.08912865017004808
51107,30.1,0.029210246658090498
51109,35.7,0.031938821412505626
51111,35.6,0.12806539509536785
51113,29.0,0.023166727471725646
51115,30.7,0.04113368447454226
51117,25.7,0.07200235831675142
51119,34.0,0.0249371332774518
51121,18.2,0.06355347528475962
51125,30.3,0.06222501571338781
51127,33.2,0.009608118320198639
51131,25.3,0.09472135368769542
51133,32.8,0.040780141843971635
51135,28.5,0.07877383710568527
51137,37.0,0.043147549811523966
51139,34.7,0.07809504590858642
51141,31.4,0.04935098316411772
51143,27.1,0.051838529176658675
51145,32.6,0.020309050772626933
51147,25.6,0.06072503599005366
51149,23.9,0.03266506695564672
51153,36.4,0.025587061059452288
51155,23.5,0.045932484781405644
51157,35.7,0.018760469011725293
51159,31.6,0.06358199559332704
51161,21.8,0.04382630585273757
51163,26.6,0.038107202680067
51165,22.2,0.048430520712231535
51167,30.0,0.05192614115662199
51169,29.0,0.07570943354881123
51171,28.5,0.05049549047990202
51173,22.2,0.06461805829844379
51175,33.1,0.05430984274898078
51177,37.7,0.029172462414969225
51179,36.1,0.019951840385276916
51181,41.8,0.04734982332155477
51183,36.4,0.0916776750330251
51185,27.1,0.06550030693677103
51187,37.8,0.04830823391355369
51191,24.1,0.045586107091172216
51193,42.7,0.06111179285801939
51195,24.6,0.09068680330816253
51197,24.3,0.08178409000239369
51199,23.2,0.03815633343221596
51510,28.4,0.11394817073170732
51520,17.9,0.11749238859673401
51530,17.4,0.08457321848081441
51540,17.0,0.1102699974766591
51550,25.8,0.04999679576186102
51570,25.5,0.06786188579017265
51580,17.1,0.06017080745341615
51590,20.3,0.13589636001258784
51595,23.2,0.12517385257301808
51600,28.0,0.059421081376297105
51610,28.7,0.06217120994739359
51620,23.3,0.09090909090909091
51630,31.9,0.09641638225255973
51640,22.6,0.08432862830256967
51650,22.5,0.07601150593382365
51660,17.1,0.0652073732718894
51670,26.0,0.11658562938951918
51678,12.7,0.1262002743484225
51680,16.8,0.11574509598968677
51683,32.1,0.04386397240019714
51685,37.0,0.0527633352590025
51690,21.3,0.09735597968832078
51700,23.1,0.09773754467101115
51710,23.0,0.1152319275522561
51720,20.0,0.10654205607476636
51730,25.7,0.1484344034879112
51735,27.2,0.00972927241962775
51740,23.7,0.12013502779984114
51750,18.3,0.022743682310469315
51760,21.7,0.1296862568418631
51770,19.0,0.10990246701090074
51775,19.0,0.06415756630265211
51790,20.5,0.08055530993014413
51800,30.2,0.050411522633744855
51810,23.4,0.04614375232831622
51820,21.4,0.0577177116146733
51830,19.5,0.06513944223107569
51840,19.6,0.09380438565958928
53001,22.2,0.06393129770992366
53003,15.3,0.03161222339304531
53005,22.2,0.05861927581170079
53007,20.2,0.05793147208121827
53009,19.3,0.055584089482394565
53011,24.8,0.047480575664355644
53013,23.0,0.06283566058002148
53015,26.1,0.06221696288373575
53017,20.1,0.04270552031652327
53019,21.3,0.04133796150205112
53021,22.4,0.041552358648377384
53023,26.4,0.0
53025,20.2,0.05121758291428894
53027,24.3,0.05413347263941491
53029,26.2,0.037556988769042586
53031,21.3,0.04553243574051408
53033,27.6,0.11235699545403345
53035,28.4,0.043266351566746825
53037,23.3,0.04366528284899715
53039,26.7,0.05196515397082658
53041,28.5,0.04605662899501762
53043,26.4,0.03755186721991701
53045,36.1,0.03918706058626916
53047,18.4,0.04201824401368301
53049,23.2,0.055479639245695545
53051,29.8,0.03765338712388637
53053,31.3,0.05415421398684997
53055,15.8,0.03594009983361065
53057,26.4,0.0388694605285788
53059,32.9,0.03327356047021319
53061,30.8,0.04677558093936979
53063,22.5,0.06830742462052702
53065,29.3,0.04077629813151647
53067,25.8,0.04740998662730553
53069,33.9,0.04
53071,15.1,0.06188424958416855
53073,21.6,0.06371980727709767
53075,16.5,0.07328668340366433
53077,20.3,0.0524467551420623
54001,30.1,0.06469440832249675
54003,30.7,0.05125340546049666
54005,33.4,0.07405071275387914
54007,33.6,0.10730688935281837
54009,24.8,0.07607235142118864
54011,21.4,0.10437967343201587
54013,39.8,0.1188118811881188
54015,45.4,0.10262449528936743
54017,30.0,0.02779953014878622
54019,30.1,0.08101329320290945
54021,32.2,0.09494232475598935
54023,25.1,0.08854996585476894
54025,25.2,0.05883148498782797
54027,41.5,0.06606502371861622
54029,25.0,0.0738459139114161
54031,29.7,0.08481692979509574
54033,22.4,0.09463818161120176
54035,28.6,0.11237516283108988
54037,37.1,0.05884932467988072
54039,21.8,0.09475666697184111
54041,28.5,0.1019089995693986
54043,33.7,0.10256744428515574
54045,28.4,0.0957680250783699
54047,36.0,0.1068501623627648
54049,25.7,0.07635288572775183
54051,24.6,0.07920237046528389
54053,27.5,0.06081676623249437
54055,24.0,0.0649768824306473
54057,27.3,0.08723021582733813
54059,34.1,0.1284748309541698
54061,21.0,0.07566828743642026
54063,37.4,0.06321714656852133
54065,38.2,0.051076001089621355
54067,33.1,0.06803296006761039
54069,21.1,0.11983426016792062
54071,29.6,0.035439795046968404
54073,29.0,0.02564102564102564
54075,22.8,0.06475950958817982
54077,31.1,0.05745959871965024
54079,27.3,0.05036342522902241
54081,23.6,0.08874637980968142
54083,21.1,0.07735530998314291
54085,33.0,0.0675715550309826
54087,32.7,0.10483870967741936
54089,35.1,0.09145299145299145
54091,27.6,0.08964264082374318
54093,27.4,0.12112676056338029
54095,31.9,0.056735436893203886
54097,28.1,0.08182484043109763
54099,25.3,0.09040730871716787
54101,29.6,0.12969989651604003
54103,29.4,0.07672174055292001
54105,32.3,0.0788829005389515
54107,20.8,0.07322245786360085
54109,33.1,0.06817055032226078
55001,30.7,0.0421351266155301
55003,17.8,0.05766978922716628
55005,20.9,0.04835880731646204
55007,23.3,0.04154901169826543
55009,19.6,0.05114799022833602
55011,26.5,0.033216783216783216
55013,28.3,0.04424040066777963
55015,21.8,0.03116226838854576
55017,23.2,0.04793839124507167
55019,22.2,0.09790482124776073
55021,26.0,0.044498716781190495
55023,23.1,0.059946316731285414
55025,20.6,0.08210981636312314
55027,24.1,0.040740740740740744
55029,16.9,0.027292139330041373
55031,22.0,0.08048016701461377
55033,23.4,0.03503440366972477
55035,17.9,0.06443679291687161
55037,20.1,0.021392808375056895
55039,21.2,0.056147815831464054
55041,25.1,0.05192211682476285
55043,21.1,0.04924849699398798
55045,24.6,0.042852614896988904
55047,24.7,0.07785153892576946
55049,27.2,0.04328918758647954
55051,21.9,0.04181408813123191
55053,25.9,0.05789219240995891
55055,24.8,0.04631089954979497
55057,24.5,0.042537654039251485
55059,25.1,0.049198885405781954
55061,24.1,0.02823979897092258
55063,18.7,0.06982931044526866
55065,24.7,0.04968209374537927
55067,23.0,0.06204256277446234
55069,22.5,0.04674287503914814
55071,20.3,0.05285892918040241
55073,19.1,0.04805930943904884
55075,21.1,0.039472993543646
55077,28.9,0.045513095749248604
55078,21.5,0.0498220640569395
55079,22.2,0.12532651714199067
55081,20.3,0.08338342167094694
55083,28.0,0.034322764856344064
55085,21.6,0.042817126850740295
55087,20.5,0.041284988900512874
55089,22.8,0.03931191103918139
55091,25.2,0.03578463558765594
55093,26.8,0.0269742232306044
55095,29.8,0.037406611401084845
55097,19.5,0.03911856868492874
55099,24.1,0.052913289493806394
55101,23.9,0.052122975897321094
55103,24.4,0.0673103448275862
55105,23.8,0.05970149253731343
55107,26.9,0.05444531864673485
55109,27.0,0.032630428407667084
55111,23.0,0.051488190945796264
55113,21.7,0.04279228149829739
55115,22.8,0.06273918589817928
55117,18.2,0.051965811965811966
55119,22.0,0.05132985334327616
55121,23.3,0.046596983962339425
55123,24.1,0.09087250482936253
55125,19.5,0.03830627074549206
55127,23.9,0.03913013205839348
55129,22.9,0.04269098598995506
55131,26.4,0.03691957245487997
55133,22.6,0.034816018214374654
55135,24.9,0.058747950910460325
55137,28.9,0.05063291139240506
55139,19.4,0.054605254104338974
55141,20.7,0.05472359160388181
56001,15.3,0.05648890710062635
56003,18.7,0.02780269058295964
56005,21.2,0.0373026462085835
56007,16.4,0.060824068018312624
56009,21.5,0.05197505197505198
56011,24.7,0.024423804609563123
56013,17.2,0.04429074948460464
56015,15.5,0.05788461538461538
56017,13.8,0.03271028037383177
56019,16.7,0.02721261444557477
56021,17.8,0.049885625823147484
56023,25.4,0.035079288803459875
56025,19.0,0.04547600779082807
56027,14.6,0.007575757575757576
56029,16.6,0.02655663915978995
56031,15.8,0.018711018711018712
56033,15.8,0.04196460816179126
56035,24.6,0.018142431627403196
56037,23.8,0.028225345674780026
56039,15.3,0.019735503560528993
56041,20.4,0.03952825298081908
56043,13.3,0.03152622274602239
56045,30.2,0.03546348314606742
72001,25.0,0.11418685121107267
72003,21.0,0.1250381679389313
72005,20.8,0.14913657770800628
72007,33.0,0.13557993730407525
72009,23.2,0.1580239337220006
72011,24.0,0.09103317933641328
72013,25.5,0.12825195341735773
72015,27.9,0.12687342335658108
72017,25.8,0.08770573290621893
72019,31.8,0.09227082085080887
72021,29.5,0.11929937848091049
72023,25.9,0.10174008465276689
72025,28.5,0.11828083372512145
72027,28.4,0.10996701793902341
72029,34.8,0.09313353566009104
72031,30.0,0.09564187005632328
72033,25.0,0.2071451630259335
72035,27.6,0.1476257639868359
72037,24.5,0.09673055242390079
72039,29.4,0.13439556633183236
72041,28.1,0.09373750832778148
72043,25.8,0.11011904761904762
72045,30.1,0.185179126451824
72047,33.0,0.11779013203613621
72049,12.9,0.18893129770992367
72051,33.9,0.09711779448621553
72053,26.1,0.12537018756169793
72054,25.3,0.1217098336491893
72055,19.5,0.1075752334832238
72057,25.7,0.14918946301925026
72059,25.8,0.13599374021909233
72061,24.5,0.09606433666584042
72063,36.0,0.09844755774327905
72065,26.1,0.07421760748756946
72067,23.5,0.11095008051529791
72069,27.4,0.13580429218350068
72071,26.1,0.10846844432533834
72073,20.0,0.14680316785783273
72075,27.9,0.1263113213267843
72077,29.0,0.10003459010722933
72079,22.9,0.12234283129805518
72081,30.7,0.12274837511606314
72083,25.1,0.11760883690708251
72085,29.3,0.08871153403422607
72087,32.4,0.19031332744924978
72089,29.5,0.13034740166523112
72091,28.5,0.15673758865248227
72093,22.2,0.08843159065628477
72095,30.1,0.17058823529411765
72097,21.7,0.1768487674883411
72099,27.0,0.0994143590485142
72101,31.4,0.11987526368889297
72103,32.1,0.10860988628452077
72105,38.7,0.14498542588794128
72107,39.2,0.14911781445645989
72109,29.4,0.12542741684799502
72111,26.1,0.09560502283105023
72113,23.6,0.15579437578362887
72115,28.6,0.08854166666666667
72117,23.2,0.10241066849034022
72119,36.9,0.1186391223155929
72121,25.9,0.112084927786693
72123,26.6,0.13316606263358424
72125,26.4,0.1579258010118044
72127,24.0,0.20783430535305145
72129,30.4,0.13127869764853206
72131,25.9,0.09626840123245464
72133,27.0,0.11406995230524643
72135,38.8,0.05530164533820841
72137,32.1,0.09154013015184381
72139,31.4,0.07155707309909315
72141,32.4,0.12377331800901777
72143,31.2,0.11216553692472352
72145,29.8,0.11479130958447213
72147,13.4,0.17888
72149,28.0,0.12468125083881358
72151,27.3,0.14818772088435933
72153,21.2,0.11424680335930998
